country_key,country,score,gdp,social,life,freedom,generosity,corruption,residual
finland,Finland,7.764,1.915,1.638,0.939,1.105,0.093,0.491,1.582
iceland,Iceland,7.54,1.971,1.72,0.996,1.105,0.187,0.187,1.373
denmark,Denmark,7.539,1.986,1.633,0.93,1.081,0.125,0.474,1.31
costa rica,Costa Rica,7.439,1.697,1.483,0.739,1.101,0.059,0.122,2.236
sweden,Sweden,7.255,1.95,1.57,1.027,1.07,0.149,0.447,1.041
norway,Norway,7.242,2.057,1.626,0.983,1.092,0.157,0.413,0.913
netherlands,Netherlands,7.223,1.983,1.539,0.922,1.0,0.175,0.349,1.255
israel,Israel,7.187,1.867,1.606,0.925,0.863,0.139,0.196,1.592
luxembourg,Luxembourg,7.063,2.162,1.465,0.981,1.056,0.111,0.382,0.907
switzerland,Switzerland,7.018,2.028,1.534,1.017,1.035,0.148,0.452,0.804
new zealand,New Zealand,6.995,1.876,1.58,0.924,1.034,0.155,0.422,1.003
mexico,Mexico,6.972,1.636,1.366,0.631,1.015,0.056,0.128,2.141
ireland,Ireland,6.928,2.146,1.558,0.936,1.032,0.172,0.364,0.72
belgium,Belgium,6.926,1.951,1.52,0.988,0.99,0.107,0.296,1.074
australia,Australia,6.916,1.937,1.497,0.956,0.989,0.159,0.294,1.085
kosovo,Kosovo,6.91,1.535,1.293,0.907,1.045,0.186,0.082,1.86
germany,Germany,6.882,1.948,1.49,0.876,0.948,0.145,0.349,1.128
slovenia,Slovenia,6.868,1.872,1.594,0.913,1.097,0.108,0.108,1.177
austria,Austria,6.845,1.954,1.474,0.926,0.979,0.171,0.285,1.057
czechia,Czechia,6.821,1.869,1.594,0.72,1.045,0.106,0.081,1.405
united arab emirates,United Arab Emirates,6.821,1.98,1.096,0.71,1.071,0.149,0.228,1.587
saudi arabia,Saudi Arabia,6.817,1.949,1.412,0.831,1.042,0.096,0.196,1.291
united states,United States,6.816,2.002,1.516,0.678,0.776,0.155,0.155,1.534
poland,Poland,6.768,1.851,1.479,0.693,0.945,0.023,0.177,1.6
canada,Canada,6.741,1.917,1.525,0.955,0.948,0.153,0.321,0.923
taiwan province of china,Taiwan Province of China,6.714,1.959,1.446,0.933,0.879,0.107,0.179,1.211
belize,Belize,6.711,1.471,1.42,0.609,1.146,0.07,0.08,1.913
lithuania,Lithuania,6.704,1.863,1.555,0.653,0.891,0.049,0.113,1.579
united kingdom,United Kingdom,6.694,1.896,1.458,0.888,0.962,0.191,0.291,1.008
serbia,Serbia,6.691,1.696,1.543,0.58,0.913,0.124,0.096,1.74
uruguay,Uruguay,6.635,1.748,1.54,0.525,1.054,0.07,0.194,1.505
brazil,Brazil,6.634,1.602,1.396,0.508,0.964,0.081,0.122,1.96
kazakhstan,Kazakhstan,6.633,1.782,1.599,0.552,0.982,0.117,0.104,1.496
romania,Romania,6.629,1.818,1.233,0.608,0.965,0.03,0.034,1.941
france,France,6.586,1.907,1.435,0.95,0.83,0.09,0.24,1.133
singapore,Singapore,6.585,2.167,1.471,1.059,0.98,0.145,0.512,0.252
el salvador,El Salvador,6.578,1.448,1.086,0.633,1.089,0.047,0.289,1.987
italy,Italy,6.574,1.899,1.405,0.975,0.746,0.075,0.067,1.407
panama,Panama,6.547,1.787,1.479,0.818,0.975,0.039,0.042,1.407
kuwait,Kuwait,6.543,1.862,1.316,0.88,1.031,0.11,0.167,1.177
spain,Spain,6.54,1.871,1.552,1.036,0.857,0.112,0.167,0.946
guatemala,Guatemala,6.533,1.472,1.175,0.38,1.034,0.076,0.094,2.304
malta,Malta,6.436,1.942,1.532,0.948,0.977,0.183,0.12,0.735
argentina,Argentina,6.43,1.7,1.517,0.621,0.97,0.052,0.076,1.493
viet nam,Viet Nam,6.428,1.51,1.375,0.698,1.147,0.039,0.207,1.453
estonia,Estonia,6.41,1.824,1.604,0.692,0.99,0.105,0.353,0.842
bosnia and herzegovina,Bosnia and Herzegovina,6.381,1.616,1.425,0.678,0.874,0.152,0.024,1.612
latvia,Latvia,6.365,1.797,1.61,0.512,0.94,0.103,0.097,1.305
jamaica,Jamaica,6.305,1.445,1.554,0.371,0.966,0.059,0.082,1.827
chile,Chile,6.302,1.73,1.427,0.792,0.926,0.087,0.087,1.254
nicaragua,Nicaragua,6.301,1.32,1.349,0.74,1.03,0.097,0.278,1.487
thailand,Thailand,6.296,1.632,1.424,0.694,1.087,0.195,0.029,1.234
uzbekistan,Uzbekistan,6.283,1.415,1.527,0.771,1.085,0.173,0.196,1.116
slovakia,Slovakia,6.255,1.815,1.63,0.564,0.847,0.056,0.065,1.278
bahrain,Bahrain,6.254,1.93,1.293,0.693,1.055,0.143,0.171,0.969
philippines,Philippines,6.206,1.413,1.285,0.286,1.085,0.088,0.095,1.953
paraguay,Paraguay,6.198,1.547,1.529,0.209,1.039,0.097,0.058,1.719
oman,Oman,6.197,1.789,1.286,0.58,1.057,0.132,0.188,1.164
ecuador,Ecuador,6.144,1.505,1.168,0.835,0.86,0.058,0.085,1.634
montenegro,Montenegro,6.139,1.709,1.485,0.68,0.935,0.073,0.142,1.115
japan,Japan,6.13,1.858,1.414,1.041,0.875,0.019,0.202,0.722
cyprus,Cyprus,6.126,1.892,1.215,0.953,0.794,0.086,0.07,1.116
honduras,Honduras,6.096,1.277,1.083,0.466,0.999,0.122,0.081,2.067
dominican republic,Dominican Republic,6.093,1.664,1.406,0.702,1.015,0.061,0.188,1.057
china,China,6.074,1.662,0.963,0.905,0.793,0.089,0.161,1.502
kyrgyzstan,Kyrgyzstan,6.049,1.296,1.565,0.759,1.108,0.142,0.102,1.077
republic of korea,Republic of Korea,6.04,1.906,1.23,1.028,0.825,0.089,0.149,0.812
colombia,Colombia,6.04,1.586,1.374,0.63,0.915,0.042,0.051,1.441
portugal,Portugal,6.029,1.83,1.461,0.944,1.005,0.035,0.031,0.724
croatia,Croatia,6.009,1.834,1.562,0.737,0.675,0.022,0.095,1.084
malaysia,Malaysia,6.005,1.766,1.17,0.413,1.109,0.161,0.112,1.275
peru,Peru,5.974,1.535,1.24,0.605,0.849,0.055,0.01,1.68
mauritius,Mauritius,5.939,1.707,1.384,0.704,0.926,0.092,0.127,0.999
hungary,Hungary,5.937,1.819,1.625,0.633,0.785,0.103,0.056,0.916
mongolia,Mongolia,5.936,1.558,1.615,0.421,0.752,0.162,0.051,1.376
trinidad and tobago,Trinidad and Tobago,5.905,1.748,1.413,0.49,0.884,0.109,0.0,1.262
republic of moldova,Republic of Moldova,5.851,1.55,1.277,0.409,0.981,0.053,0.037,1.544
bolivia,Bolivia,5.835,1.442,1.2,0.36,0.909,0.059,0.038,1.827
russian federation,Russian Federation,5.834,1.821,1.331,0.505,0.809,0.112,0.133,1.122
venezuela,Venezuela,5.756,0.0,1.335,0.561,0.846,0.18,0.133,2.701
libya,Libya,5.731,1.48,1.136,0.619,0.865,0.099,0.245,1.286
north macedonia,North Macedonia,5.719,1.665,1.448,0.581,0.74,0.124,0.013,1.149
algeria,Algeria,5.714,1.535,1.275,0.964,0.933,0.057,0.113,0.837
bulgaria,Bulgaria,5.703,1.768,1.587,0.47,0.881,0.059,0.003,0.935
greece,Greece,5.697,1.795,1.257,0.799,0.478,0.023,0.064,1.282
albania,Albania,5.662,1.631,1.026,0.782,1.014,0.106,0.06,1.043
indonesia,Indonesia,5.617,1.512,1.229,0.485,1.043,0.295,0.033,1.02
tajikistan,Tajikistan,5.591,1.18,1.476,0.783,,0.085,0.336,
armenia,Armenia,5.584,1.608,1.225,1.05,0.914,0.026,0.152,0.608
hong kong sar of china,Hong Kong SAR of China,5.569,1.96,1.33,1.238,0.852,0.09,0.395,-0.295
georgia,Georgia,5.517,1.669,1.201,0.5,0.988,0.0,0.161,0.998
lao pdr,Lao PDR,5.515,1.357,0.866,0.554,1.065,0.134,0.174,1.366
mozambique,Mozambique,5.336,0.839,1.018,0.126,0.888,0.116,0.165,2.182
t rkiye,Türkiye,5.3,1.785,1.313,0.692,0.363,0.046,0.099,1.002
iraq,Iraq,5.212,1.477,1.127,0.704,0.615,0.087,0.084,1.117
gabon,Gabon,5.167,1.591,1.003,0.45,0.829,0.043,0.092,1.159
iran,Iran,5.151,1.565,1.249,0.693,0.599,0.189,0.124,0.733
c te divoire,Côte d’Ivoire,5.148,1.285,0.694,0.45,0.84,0.1,0.176,1.604
nepal,Nepal,5.147,1.2,1.099,0.508,0.887,0.117,0.075,1.26
cameroon,Cameroon,5.083,1.191,0.9,0.348,0.821,0.094,0.055,1.675
south africa,South Africa,5.009,1.494,1.285,0.101,0.825,0.064,0.064,1.176
azerbaijan,Azerbaijan,4.993,1.636,0.979,0.847,0.935,0.058,0.198,0.34
niger,Niger,4.94,0.89,0.651,0.3,0.9,0.121,0.115,1.964
pakistan,Pakistan,4.868,1.224,0.556,0.489,0.564,0.144,0.071,1.819
tunisia,Tunisia,4.798,1.475,1.043,0.442,0.652,0.038,0.071,1.078
nigeria,Nigeria,4.788,1.335,1.083,0.462,0.735,0.151,0.036,0.986
senegal,Senegal,4.787,1.164,0.882,0.48,0.922,0.114,0.113,1.111
namibia,Namibia,4.781,1.41,1.411,0.038,0.67,0.048,0.058,1.145
state of palestine,State of Palestine,4.694,1.242,1.335,,0.742,0.073,0.095,
kenya,Kenya,4.674,1.242,0.879,0.518,0.798,0.207,0.093,0.936
ukraine,Ukraine,4.658,1.547,1.303,0.498,0.722,0.222,0.008,0.358
morocco,Morocco,4.646,1.376,0.401,0.674,0.844,0.035,0.086,1.229
guinea,Guinea,4.609,1.132,0.622,0.364,0.866,0.141,0.102,1.381
mali,Mali,4.588,1.036,0.779,0.381,0.904,0.078,0.105,1.305
ghana,Ghana,4.554,1.297,0.961,0.507,0.932,0.123,0.035,0.699
india,India,4.536,1.397,0.732,0.298,1.015,0.121,0.124,0.848
somalia,Somalia,4.508,0.818,0.791,0.035,0.928,0.155,0.218,1.562
uganda,Uganda,4.491,1.032,1.181,0.449,0.924,0.14,0.043,0.722
jordan,Jordan,4.478,1.388,1.055,0.606,0.853,0.053,0.174,0.348
mauritania,Mauritania,4.473,1.272,0.787,0.593,0.593,0.109,0.188,0.931
cambodia,Cambodia,4.462,1.295,1.075,0.531,1.123,0.148,0.088,0.201
congo,Congo,4.456,1.259,0.554,0.391,0.751,0.074,0.123,1.304
burkina faso,Burkina Faso,4.455,0.995,0.63,0.343,0.82,0.135,0.253,1.28
benin,Benin,4.393,1.122,0.087,0.409,0.816,0.086,0.243,1.63
chad,Chad,4.385,0.979,0.676,0.292,0.571,0.151,0.116,1.6
lesotho,Lesotho,4.375,1.007,1.135,0.0,0.741,0.057,0.069,1.365
bangladesh,Bangladesh,4.319,1.353,0.245,0.672,1.078,0.111,0.087,0.774
gambia,Gambia,4.306,1.05,0.853,0.393,0.807,0.223,0.042,0.938
myanmar,Myanmar,4.287,1.211,0.977,0.488,0.722,0.292,0.16,0.436
liberia,Liberia,4.28,0.867,0.815,0.386,0.796,0.125,0.066,1.225
togo,Togo,4.277,1.039,0.572,0.442,0.682,0.085,0.144,1.314
madagascar,Madagascar,4.174,0.867,0.71,0.393,0.38,0.118,0.116,1.59
zambia,Zambia,4.106,1.109,0.861,0.25,0.991,0.139,0.101,0.654
sri lanka,Sri Lanka,4.013,1.496,1.13,0.567,0.872,0.111,0.059,-0.222
ethiopia,Ethiopia,3.985,1.033,0.854,0.453,0.653,0.144,0.097,0.753
comoros,Comoros,3.925,1.089,0.352,0.468,0.373,0.118,0.172,1.352
eswatini,Eswatini,3.909,1.41,1.036,0.044,0.579,0.055,0.137,0.647
tanzania,Tanzania,3.902,1.108,0.778,0.459,1.006,0.145,0.251,0.155
egypt,Egypt,3.862,1.558,0.862,0.521,0.727,0.022,0.097,0.074
dr congo,DR Congo,3.761,0.857,0.792,0.321,0.72,0.146,0.066,0.86
lebanon,Lebanon,3.723,1.428,1.05,0.416,0.434,0.074,0.057,0.265
yemen,Yemen,3.532,0.692,1.292,0.431,0.549,0.084,0.109,0.374
botswana,Botswana,3.464,1.582,0.989,0.017,0.86,0.022,0.093,-0.099
zimbabwe,Zimbabwe,3.346,1.213,0.782,0.189,0.729,0.056,0.128,0.251
malawi,Malawi,3.284,0.864,0.326,0.299,0.812,0.109,0.143,0.73
sierra leone,Sierra Leone,3.251,1.054,0.692,0.405,0.8,0.131,0.052,0.117
afghanistan,Afghanistan,1.446,0.921,0.0,0.176,0.0,0.079,0.131,0.139
finland,Finland,7.736,1.749,1.783,0.824,0.986,0.11,0.502,1.782
denmark,Denmark,7.521,1.825,1.748,0.82,0.955,0.15,0.488,1.535
iceland,Iceland,7.515,1.799,1.84,0.873,0.971,0.201,0.173,1.659
sweden,Sweden,7.345,1.783,1.698,0.889,0.952,0.17,0.467,1.385
netherlands,Netherlands,7.306,1.822,1.667,0.844,0.86,0.186,0.344,1.583
costa rica,Costa Rica,7.274,1.492,1.6,0.68,0.948,0.067,0.118,2.369
norway,Norway,7.262,1.902,1.711,0.863,0.962,0.168,0.425,1.231
israel,Israel,7.234,1.695,1.743,0.824,0.74,0.144,0.193,1.895
luxembourg,Luxembourg,7.122,2.028,1.558,0.864,0.931,0.117,0.397,1.227
mexico,Mexico,6.979,1.435,1.504,0.55,0.879,0.057,0.118,2.438
australia,Australia,6.974,1.767,1.647,0.841,0.857,0.164,0.285,1.413
new zealand,New Zealand,6.952,1.698,1.712,0.815,0.861,0.167,0.429,1.27
switzerland,Switzerland,6.935,1.87,1.622,0.883,0.889,0.156,0.468,1.047
belgium,Belgium,6.91,1.783,1.646,0.852,0.895,0.119,0.306,1.309
ireland,Ireland,6.889,1.988,1.659,0.823,0.906,0.179,0.382,0.952
lithuania,Lithuania,6.829,1.684,1.699,0.592,0.702,0.031,0.123,1.998
austria,Austria,6.81,1.791,1.592,0.814,0.856,0.179,0.28,1.297
canada,Canada,6.803,1.749,1.647,0.832,0.813,0.168,0.323,1.271
slovenia,Slovenia,6.792,1.692,1.718,0.802,0.961,0.121,0.113,1.384
czechia,Czechia,6.775,1.692,1.716,0.658,0.916,0.118,0.084,1.591
united arab emirates,United Arab Emirates,6.759,1.812,1.294,0.659,0.934,0.165,0.235,1.66
germany,Germany,6.753,1.785,1.625,0.776,0.858,0.148,0.351,1.21
united kingdom,United Kingdom,6.728,1.725,1.562,0.779,0.872,0.211,0.318,1.26
united states,United States,6.724,1.839,1.614,0.604,0.644,0.171,0.161,1.69
belize,Belize,6.711,1.256,1.54,0.525,1.018,0.072,0.082,2.218
poland,Poland,6.673,1.666,1.595,0.63,0.79,0.021,0.169,1.802
taiwan province of china,Taiwan Province of China,6.669,1.73,1.583,0.817,0.76,0.057,0.187,1.534
uruguay,Uruguay,6.661,1.554,1.654,0.523,0.913,0.078,0.197,1.741
kosovo,Kosovo,6.659,1.281,1.454,0.896,0.893,0.201,0.087,1.847
kuwait,Kuwait,6.629,1.691,1.481,0.766,0.934,0.143,0.167,1.448
serbia,Serbia,6.606,1.489,1.62,0.545,0.767,0.131,0.107,1.946
saudi arabia,Saudi Arabia,6.6,1.743,1.566,0.714,0.915,0.105,0.187,1.37
france,France,6.593,1.733,1.535,0.832,0.743,0.099,0.264,1.386
singapore,Singapore,6.565,2.022,1.565,0.935,0.856,0.164,0.522,0.501
romania,Romania,6.563,1.636,1.401,0.561,0.847,0.028,0.015,2.075
brazil,Brazil,6.494,1.391,1.519,0.48,0.83,0.089,0.127,2.057
el salvador,El Salvador,6.492,1.222,1.228,0.559,0.955,0.054,0.264,2.211
spain,Spain,6.466,1.69,1.685,0.894,0.734,0.112,0.18,1.17
estonia,Estonia,6.417,1.65,1.716,0.642,0.902,0.128,0.378,1.001
italy,Italy,6.415,1.724,1.526,0.852,0.641,0.082,0.071,1.517
panama,Panama,6.407,1.594,1.6,0.717,0.876,0.041,0.042,1.537
argentina,Argentina,6.397,1.504,1.622,0.579,0.824,0.048,0.083,1.736
kazakhstan,Kazakhstan,6.378,1.586,1.688,0.504,0.878,0.111,0.118,1.492
guatemala,Guatemala,6.362,1.249,1.33,0.376,0.882,0.075,0.085,2.365
chile,Chile,6.361,1.537,1.577,0.711,0.779,0.093,0.085,1.579
viet nam,Viet Nam,6.352,1.278,1.533,0.631,1.012,0.039,0.174,1.684
nicaragua,Nicaragua,6.33,1.084,1.47,0.646,0.912,0.103,0.271,1.844
malta,Malta,6.316,1.76,1.671,0.837,0.837,0.217,0.115,0.879
thailand,Thailand,6.222,1.426,1.551,0.633,0.927,0.223,0.039,1.423
slovakia,Slovakia,6.221,1.629,1.762,0.547,0.704,0.058,0.07,1.451
latvia,Latvia,6.207,1.619,1.711,0.503,0.789,0.108,0.082,1.396
oman,Oman,6.197,1.603,1.411,0.5,0.93,0.142,,
uzbekistan,Uzbekistan,6.193,1.179,1.615,0.654,0.977,0.195,0.208,1.364
paraguay,Paraguay,6.172,1.329,1.615,0.291,0.921,0.097,0.063,1.857
japan,Japan,6.147,1.678,1.55,0.921,0.746,0.014,0.2,1.038
bosnia and herzegovina,Bosnia and Herzegovina,6.136,1.405,1.545,0.616,0.749,0.178,0.009,1.635
philippines,Philippines,6.107,1.177,1.385,0.315,0.966,0.075,0.11,2.079
republic of korea,Republic of Korea,6.038,1.709,1.357,0.903,0.678,0.1,0.139,1.152
bahrain,Bahrain,6.03,1.752,1.391,0.609,0.907,0.148,0.167,1.057
portugal,Portugal,6.013,1.646,1.56,0.822,0.879,0.04,0.034,1.032
colombia,Colombia,6.004,1.38,1.513,0.587,0.777,0.039,0.051,1.658
ecuador,Ecuador,5.965,1.299,1.32,0.702,0.712,0.058,0.066,1.808
honduras,Honduras,5.964,1.036,1.187,0.436,0.862,0.134,0.079,2.229
malaysia,Malaysia,5.955,1.571,1.315,0.446,0.991,0.181,0.11,1.341
peru,Peru,5.947,1.323,1.364,0.551,0.71,0.05,0.021,1.929
russian federation,Russian Federation,5.945,1.63,1.549,0.47,0.702,0.095,0.125,1.373
cyprus,Cyprus,5.942,1.72,1.348,0.84,0.612,0.108,0.041,1.273
china,China,5.921,1.445,1.307,0.789,0.764,0.079,0.154,1.382
hungary,Hungary,5.915,1.638,1.742,0.587,0.681,0.099,0.057,1.111
trinidad and tobago,Trinidad and Tobago,5.905,1.549,1.532,0.419,0.76,0.111,0.001,1.533
montenegro,Montenegro,5.877,1.507,1.551,0.618,0.768,0.075,0.138,1.22
croatia,Croatia,5.87,1.644,1.673,0.669,0.478,0.022,0.065,1.319
jamaica,Jamaica,5.87,1.182,1.545,0.504,0.869,0.075,0.019,1.676
bolivia,Bolivia,5.868,1.173,1.356,0.346,0.817,0.067,0.052,2.057
kyrgyzstan,Kyrgyzstan,5.858,1.032,1.715,0.647,0.981,0.169,0.053,1.261
dominican republic,Dominican Republic,5.846,1.457,1.5,0.615,0.866,0.063,0.186,1.16
mongolia,Mongolia,5.833,1.336,1.731,0.423,0.629,0.18,0.053,1.481
mauritius,Mauritius,5.832,1.499,1.521,0.617,0.761,0.095,0.13,1.209
libya,Libya,5.82,1.247,1.309,0.549,0.724,0.111,0.214,1.666
republic of moldova,Republic of Moldova,5.819,1.332,1.43,0.414,0.83,0.054,0.037,1.722
greece,Greece,5.776,1.608,1.438,0.725,0.396,0.003,0.063,1.543
venezuela,Venezuela,5.683,0.0,1.493,0.515,0.702,0.154,0.117,2.701
indonesia,Indonesia,5.617,1.288,1.372,0.454,0.918,0.323,0.044,1.218
algeria,Algeria,5.571,1.315,1.363,0.782,0.522,0.057,0.219,1.313
bulgaria,Bulgaria,5.554,1.573,1.725,0.463,0.708,0.055,0.0,1.029
north macedonia,North Macedonia,5.503,1.458,1.537,0.544,0.637,0.13,0.007,1.19
armenia,Armenia,5.494,1.391,1.349,0.828,0.786,0.032,0.158,0.95
hong kong sar of china,Hong Kong SAR of China,5.491,1.79,1.41,0.948,0.674,0.116,0.386,0.168
albania,Albania,5.411,1.371,1.122,0.696,0.841,0.103,0.057,1.22
tajikistan,Tajikistan,5.411,0.914,1.555,0.658,,0.085,0.342,
georgia,Georgia,5.4,1.444,1.275,0.482,0.844,0.0,0.172,1.182
nepal,Nepal,5.311,0.944,1.21,0.463,0.764,0.155,0.099,1.676
lao pdr,Lao PDR,5.301,1.122,1.01,0.493,0.916,0.145,0.164,1.452
t rkiye,Türkiye,5.262,1.582,1.444,0.626,0.244,0.04,0.104,1.223
south africa,South Africa,5.213,1.283,1.465,0.142,0.676,0.064,0.043,1.54
mozambique,Mozambique,5.19,0.559,1.131,0.124,0.813,0.127,0.173,2.262
gabon,Gabon,5.12,1.386,1.224,0.387,0.651,0.042,0.086,1.343
c te divoire,Côte d’Ivoire,5.102,1.038,0.76,0.206,0.661,0.1,0.162,2.176
iran,Iran,5.093,1.33,1.367,0.609,0.456,0.202,0.122,1.007
congo,Congo,5.03,1.023,0.796,0.336,0.626,0.082,0.126,2.04
iraq,Iraq,4.976,1.261,1.275,0.589,0.503,0.1,0.069,1.178
guinea,Guinea,4.929,0.873,0.791,0.306,0.676,0.157,0.098,2.027
namibia,Namibia,4.911,1.182,1.482,0.104,0.564,0.052,0.056,1.47
cameroon,Cameroon,4.887,0.944,0.986,0.302,0.662,0.099,0.06,1.834
nigeria,Nigeria,4.885,0.989,1.245,0.38,0.639,0.17,0.028,1.433
azerbaijan,Azerbaijan,4.875,1.428,1.03,0.707,0.785,0.076,0.179,0.67
senegal,Senegal,4.856,0.907,0.977,0.433,0.767,0.129,0.09,1.553
state of palestine,State of Palestine,4.78,1.047,1.456,,0.618,0.055,0.081,
pakistan,Pakistan,4.768,0.982,0.759,0.417,0.529,0.136,0.046,1.898
niger,Niger,4.725,0.606,0.796,0.258,0.759,0.122,0.137,2.048
ukraine,Ukraine,4.68,1.328,1.472,0.472,0.689,0.245,0.023,0.451
morocco,Morocco,4.622,1.139,0.635,0.585,0.748,0.031,0.095,1.388
tunisia,Tunisia,4.552,1.257,1.224,0.459,0.382,0.032,0.05,1.149
mauritania,Mauritania,4.542,1.023,0.919,0.516,0.454,0.113,0.195,1.323
kenya,Kenya,4.51,0.994,1.047,0.448,0.649,0.22,0.073,1.079
uganda,Uganda,4.461,0.762,1.342,0.396,0.751,0.148,0.05,1.012
gambia,Gambia,4.423,0.778,0.958,0.348,0.611,0.255,0.045,1.428
india,India,4.389,1.149,0.86,0.316,0.914,0.141,0.12,0.889
chad,Chad,4.384,0.592,0.902,0.242,0.477,0.175,0.111,1.884
burkina faso,Burkina Faso,4.383,0.724,0.828,0.296,0.671,0.142,0.218,1.504
benin,Benin,4.357,0.855,0.228,0.357,0.679,0.092,0.238,1.909
somalia,Somalia,4.347,0.535,0.877,0.046,0.916,0.206,0.192,1.575
mali,Mali,4.345,0.709,0.908,0.318,0.767,0.093,0.114,1.436
cambodia,Cambodia,4.341,1.049,1.215,0.481,0.988,0.138,0.078,0.393
ghana,Ghana,4.34,1.053,1.01,0.438,0.771,0.139,0.025,0.904
myanmar,Myanmar,4.321,0.975,1.144,0.446,0.569,0.322,0.163,0.702
togo,Togo,4.315,0.757,0.736,0.378,0.576,0.097,0.153,1.618
jordan,Jordan,4.31,1.158,1.202,0.573,0.7,0.051,0.164,0.461
liberia,Liberia,4.277,0.582,0.888,0.324,0.653,0.143,0.068,1.618
madagascar,Madagascar,4.157,0.588,0.938,0.341,0.292,0.131,0.118,1.751
zambia,Zambia,3.912,0.848,1.013,0.233,0.872,0.131,0.107,0.709
ethiopia,Ethiopia,3.898,0.757,1.051,0.416,0.54,0.182,0.1,0.852
sri lanka,Sri Lanka,3.891,1.271,1.308,0.567,0.696,0.121,0.025,-0.099
bangladesh,Bangladesh,3.851,1.116,0.286,0.592,0.92,0.11,0.132,0.695
egypt,Egypt,3.817,1.347,1.075,0.473,0.593,0.018,0.103,0.21
tanzania,Tanzania,3.8,0.847,0.908,0.411,0.858,0.153,0.243,0.38
eswatini,Eswatini,3.774,1.183,1.152,0.038,0.428,0.054,0.13,0.79
lesotho,Lesotho,3.757,0.737,1.131,0.0,0.606,0.065,0.072,1.145
comoros,Comoros,3.754,0.835,0.501,0.428,0.26,0.117,0.164,1.45
yemen,Yemen,3.561,0.631,1.482,0.375,0.447,0.066,0.106,0.454
dr congo,DR Congo,3.469,0.544,0.929,0.278,0.6,0.151,0.061,0.906
botswana,Botswana,3.438,1.388,1.146,0.094,0.697,0.018,0.083,0.012
zimbabwe,Zimbabwe,3.396,0.827,0.961,0.178,0.598,0.065,0.131,0.636
malawi,Malawi,3.26,0.588,0.489,0.28,0.677,0.115,0.136,0.975
lebanon,Lebanon,3.188,1.223,0.984,0.44,0.279,0.071,0.041,0.15
sierra leone,Sierra Leone,2.998,0.786,0.692,0.327,0.613,0.138,0.052,0.391
afghanistan,Afghanistan,1.364,0.649,0.0,0.155,0.0,0.075,0.135,0.348
finland,Finland,7.741,1.844,1.572,0.695,0.859,0.142,0.546,2.082
denmark,Denmark,7.583,1.908,1.52,0.699,0.823,0.204,0.548,1.881
iceland,Iceland,7.525,1.881,1.617,0.718,0.819,0.258,0.182,2.05
sweden,Sweden,7.344,1.878,1.501,0.724,0.838,0.221,0.524,1.658
israel,Israel,7.341,1.803,1.513,0.74,0.641,0.153,0.193,2.298
netherlands,Netherlands,7.319,1.901,1.462,0.706,0.725,0.247,0.372,1.906
norway,Norway,7.302,1.952,1.517,0.704,0.835,0.224,0.484,1.586
luxembourg,Luxembourg,7.122,2.141,1.355,0.708,0.801,0.146,0.432,1.54
switzerland,Switzerland,7.06,1.97,1.425,0.747,0.759,0.173,0.498,1.488
australia,Australia,7.057,1.854,1.461,0.692,0.756,0.225,0.323,1.745
new zealand,New Zealand,7.029,1.81,1.527,0.673,0.746,0.226,0.48,1.567
costa rica,Costa Rica,6.955,1.561,1.373,0.661,0.797,0.109,0.123,2.333
kuwait,Kuwait,6.951,1.845,1.364,0.661,0.827,0.2,0.172,1.884
austria,Austria,6.905,1.885,1.336,0.696,0.703,0.214,0.305,1.766
canada,Canada,6.9,1.84,1.459,0.701,0.73,0.23,0.368,1.572
belgium,Belgium,6.894,1.868,1.44,0.69,0.729,0.17,0.311,1.686
ireland,Ireland,6.838,2.129,1.39,0.7,0.758,0.205,0.418,1.239
czechia,Czechia,6.822,1.783,1.511,0.638,0.787,0.177,0.068,1.858
lithuania,Lithuania,6.818,1.766,1.454,0.598,0.533,0.044,0.116,2.307
united kingdom,United Kingdom,6.749,1.822,1.326,0.672,0.713,0.267,0.351,1.598
slovenia,Slovenia,6.743,1.786,1.502,0.695,0.789,0.157,0.131,1.683
united arab emirates,United Arab Emirates,6.733,1.983,1.164,0.563,0.815,0.209,0.258,1.741
united states,United States,6.725,1.939,1.392,0.542,0.586,0.223,0.169,1.873
germany,Germany,6.719,1.871,1.39,0.702,0.7,0.174,0.368,1.513
mexico,Mexico,6.678,1.521,1.241,0.544,0.722,0.086,0.127,2.437
uruguay,Uruguay,6.611,1.596,1.431,0.592,0.775,0.106,0.22,1.891
france,France,6.609,1.818,1.348,0.727,0.65,0.112,0.281,1.672
saudi arabia,Saudi Arabia,6.594,1.842,1.361,0.511,0.787,0.114,0.188,1.79
kosovo,Kosovo,6.561,1.364,1.277,0.599,0.739,0.254,0.073,2.255
singapore,Singapore,6.523,2.118,1.361,0.769,0.743,0.168,0.575,0.788
taiwan province of china,Taiwan Province of China,6.503,1.842,1.346,0.65,0.649,0.068,0.202,1.747
romania,Romania,6.491,1.699,1.236,0.583,0.717,0.041,0.006,2.21
el salvador,El Salvador,6.469,1.265,1.08,0.549,0.816,0.083,0.253,2.424
estonia,Estonia,6.448,1.752,1.527,0.657,0.805,0.166,0.401,1.138
poland,Poland,6.442,1.738,1.417,0.639,0.6,0.081,0.175,1.791
spain,Spain,6.421,1.766,1.471,0.729,0.619,0.119,0.177,1.54
serbia,Serbia,6.411,1.538,1.391,0.585,0.663,0.2,0.101,1.932
chile,Chile,6.36,1.616,1.369,0.673,0.651,0.117,0.075,1.858
panama,Panama,6.358,1.702,1.392,0.633,0.72,0.063,0.043,1.806
malta,Malta,6.346,1.827,1.444,0.707,0.727,0.25,0.125,1.267
italy,Italy,6.324,1.8,1.328,0.72,0.513,0.112,0.074,1.777
guatemala,Guatemala,6.287,1.26,1.169,0.467,0.735,0.105,0.078,2.473
nicaragua,Nicaragua,6.284,1.097,1.263,0.542,0.793,0.133,0.251,2.203
brazil,Brazil,6.272,1.43,1.269,0.548,0.685,0.13,0.142,2.068
slovakia,Slovakia,6.257,1.706,1.54,0.638,0.566,0.096,0.058,1.653
latvia,Latvia,6.234,1.7,1.508,0.564,0.666,0.127,0.078,1.59
uzbekistan,Uzbekistan,6.195,1.212,1.394,0.539,0.835,0.251,0.215,1.749
argentina,Argentina,6.188,1.562,1.381,0.585,0.681,0.087,0.08,1.812
kazakhstan,Kazakhstan,6.188,1.622,1.457,0.556,0.733,0.149,0.12,1.551
cyprus,Cyprus,6.068,1.794,1.217,0.744,0.529,0.124,0.049,1.611
japan,Japan,6.06,1.786,1.354,0.785,0.632,0.023,0.219,1.261
republic of korea,Republic of Korea,6.058,1.815,1.178,0.77,0.555,0.126,0.158,1.456
philippines,Philippines,6.048,1.232,1.146,0.441,0.826,0.099,0.136,2.167
viet nam,Viet Nam,6.043,1.331,1.267,0.539,0.843,0.094,0.16,1.81
portugal,Portugal,6.03,1.728,1.368,0.699,0.757,0.047,0.035,1.397
hungary,Hungary,6.017,1.722,1.528,0.596,0.581,0.123,0.067,1.4
paraguay,Paraguay,5.977,1.398,1.408,0.549,0.788,0.131,0.065,1.637
thailand,Thailand,5.976,1.484,1.347,0.62,0.756,0.283,0.024,1.463
malaysia,Malaysia,5.975,1.646,1.143,0.54,0.829,0.226,0.119,1.473
china,China,5.973,1.497,1.239,0.629,0.704,0.132,0.164,1.608
honduras,Honduras,5.968,1.091,1.035,0.502,0.72,0.175,0.081,2.364
croatia,Croatia,5.942,1.71,1.445,0.637,0.469,0.064,0.043,1.574
greece,Greece,5.934,1.684,1.276,0.696,0.337,0.018,0.093,1.83
bosnia and herzegovina,Bosnia and Herzegovina,5.877,1.465,1.318,0.587,0.621,0.246,0.0,1.64
libya,Libya,5.866,1.526,1.1,0.55,0.592,0.111,0.204,1.785
jamaica,Jamaica,5.842,1.28,1.324,0.567,0.647,0.089,0.028,1.907
peru,Peru,5.841,1.371,1.18,0.662,0.615,0.078,0.029,1.907
dominican republic,Dominican Republic,5.823,1.517,1.272,0.511,0.73,0.086,0.196,1.512
mauritius,Mauritius,5.816,1.57,1.358,0.49,0.641,0.123,0.118,1.517
republic of moldova,Republic of Moldova,5.816,1.385,1.277,0.542,0.695,0.077,0.044,1.795
russian federation,Russian Federation,5.785,1.642,1.351,0.531,0.551,0.138,0.121,1.451
bolivia,Bolivia,5.784,1.217,1.179,0.488,0.719,0.1,0.061,2.02
ecuador,Ecuador,5.725,1.315,1.151,0.64,0.606,0.087,0.078,1.846
kyrgyzstan,Kyrgyzstan,5.714,1.054,1.477,0.588,0.834,0.225,0.03,1.505
montenegro,Montenegro,5.707,1.571,1.318,0.587,0.632,0.11,0.132,1.357
mongolia,Mongolia,5.696,1.353,1.511,0.4,0.501,0.237,0.055,1.64
colombia,Colombia,5.695,1.437,1.241,0.648,0.644,0.072,0.059,1.596
venezuela,Venezuela,5.607,0.0,1.321,0.491,0.518,0.192,0.086,2.998
indonesia,Indonesia,5.568,1.361,1.184,0.472,0.779,0.399,0.055,1.318
bulgaria,Bulgaria,5.463,1.629,1.469,0.567,0.62,0.083,0.006,1.088
armenia,Armenia,5.455,1.444,1.154,0.603,0.65,0.051,0.173,1.379
south africa,South Africa,5.422,1.389,1.369,0.322,0.537,0.078,0.034,1.693
north macedonia,North Macedonia,5.369,1.475,1.277,0.569,0.58,0.194,0.015,1.26
algeria,Algeria,5.364,1.324,1.191,0.568,0.247,0.091,0.2,1.743
hong kong sar of china,Hong Kong SAR of China,5.316,1.909,1.184,0.857,0.485,0.147,0.402,0.333
albania,Albania,5.304,1.438,0.924,0.638,0.69,0.138,0.049,1.428
congo,Congo,5.221,0.892,0.622,0.306,0.523,0.124,0.138,2.617
mozambique,Mozambique,5.216,0.56,0.883,0.156,0.728,0.158,0.196,2.536
georgia,Georgia,5.185,1.467,0.99,0.524,0.68,0.0,0.174,1.349
iraq,Iraq,5.166,1.249,0.996,0.498,0.425,0.141,0.048,1.809
nepal,Nepal,5.158,0.965,0.99,0.443,0.653,0.209,0.115,1.783
lao pdr,Lao PDR,5.139,1.208,0.846,0.423,0.796,0.17,0.167,1.529
gabon,Gabon,5.106,1.403,1.038,0.344,0.516,0.045,0.1,1.66
c te divoire,Côte d’Ivoire,5.08,1.08,0.578,0.288,0.547,0.12,0.164,2.303
guinea,Guinea,5.023,0.831,0.622,0.236,0.521,0.21,0.107,2.497
t rkiye,Türkiye,4.975,1.702,1.175,0.631,0.202,0.068,0.115,1.083
senegal,Senegal,4.969,0.927,0.751,0.392,0.607,0.152,0.069,2.071
iran,Iran,4.923,1.435,1.136,0.571,0.366,0.235,0.123,1.057
azerbaijan,Azerbaijan,4.893,1.433,0.876,0.496,0.668,0.112,0.199,1.11
nigeria,Nigeria,4.881,1.042,1.075,0.256,0.566,0.201,0.019,1.722
cameroon,Cameroon,4.874,0.943,0.856,0.288,0.521,0.126,0.06,2.08
ukraine,Ukraine,4.873,1.35,1.315,0.513,0.631,0.285,0.025,0.753
namibia,Namibia,4.832,1.266,1.212,0.307,0.47,0.069,0.061,1.446
morocco,Morocco,4.795,1.213,0.471,0.495,0.631,0.042,0.082,1.861
pakistan,Pakistan,4.657,1.069,0.6,0.321,0.542,0.144,0.074,1.907
niger,Niger,4.556,0.573,0.677,0.293,0.615,0.145,0.147,2.107
burkina faso,Burkina Faso,4.548,0.756,0.685,0.274,0.483,0.173,0.179,1.999
mauritania,Mauritania,4.505,1.078,0.705,0.4,0.343,0.133,0.198,1.649
gambia,Gambia,4.485,0.75,0.684,0.33,0.459,0.324,0.048,1.89
chad,Chad,4.471,0.603,0.805,0.199,0.411,0.218,0.113,2.122
kenya,Kenya,4.47,1.037,0.895,0.353,0.519,0.282,0.069,1.316
tunisia,Tunisia,4.422,1.306,0.955,0.579,0.254,0.024,0.018,1.285
benin,Benin,4.377,0.914,0.128,0.284,0.567,0.112,0.252,2.121
uganda,Uganda,4.372,0.772,1.151,0.373,0.587,0.178,0.054,1.256
myanmar,Myanmar,4.354,0.978,0.988,0.436,0.45,0.401,0.174,0.928
cambodia,Cambodia,4.341,1.011,1.019,0.442,0.863,0.17,0.071,0.765
ghana,Ghana,4.289,1.077,0.747,0.36,0.623,0.183,0.028,1.273
liberia,Liberia,4.269,0.619,0.673,0.301,0.546,0.178,0.075,1.878
mali,Mali,4.232,0.747,0.688,0.267,0.586,0.12,0.09,1.734
madagascar,Madagascar,4.228,0.628,0.823,0.333,0.25,0.172,0.123,1.897
togo,Togo,4.214,0.758,0.586,0.32,0.453,0.127,0.156,1.814
jordan,Jordan,4.186,1.262,0.983,0.594,0.593,0.059,0.189,0.504
india,India,4.054,1.166,0.653,0.417,0.767,0.174,0.122,0.756
egypt,Egypt,3.977,1.37,0.996,0.488,0.49,0.025,0.259,0.349
sri lanka,Sri Lanka,3.898,1.361,1.179,0.586,0.583,0.144,0.031,0.014
bangladesh,Bangladesh,3.886,1.122,0.249,0.513,0.775,0.14,0.167,0.919
ethiopia,Ethiopia,3.861,0.792,0.915,0.42,0.441,0.27,0.101,0.923
tanzania,Tanzania,3.781,0.82,0.706,0.38,0.709,0.191,0.257,0.717
comoros,Comoros,3.566,0.896,0.328,0.37,0.172,0.128,0.16,1.512
yemen,Yemen,3.561,0.671,1.281,0.293,0.362,0.08,0.113,0.76
zambia,Zambia,3.502,0.899,0.809,0.264,0.727,0.168,0.109,0.526
eswatini,Eswatini,3.502,1.255,0.925,0.176,0.284,0.059,0.116,0.686
malawi,Malawi,3.421,0.617,0.41,0.349,0.571,0.135,0.136,1.203
botswana,Botswana,3.383,1.445,0.969,0.241,0.567,0.014,0.082,0.066
zimbabwe,Zimbabwe,3.341,0.748,0.85,0.232,0.487,0.096,0.131,0.797
dr congo,DR Congo,3.295,0.534,0.665,0.262,0.473,0.189,0.072,1.102
sierra leone,Sierra Leone,3.245,0.654,0.566,0.253,0.469,0.181,0.053,1.068
lesotho,Lesotho,3.186,0.771,0.851,0.0,0.523,0.082,0.085,0.875
lebanon,Lebanon,2.707,1.377,0.577,0.556,0.173,0.068,0.029,-0.073
afghanistan,Afghanistan,1.721,0.628,0.0,0.242,0.0,0.091,0.088,0.672
finland,Finland,7.804,1.888,1.585,0.535,0.772,0.126,0.535,2.363
denmark,Denmark,7.586,1.949,1.548,0.537,0.734,0.208,0.525,2.084
iceland,Iceland,7.53,1.926,1.62,0.559,0.738,0.25,0.187,2.25
israel,Israel,7.473,1.833,1.521,0.577,0.569,0.124,0.158,2.691
netherlands,Netherlands,7.403,1.942,1.488,0.545,0.672,0.251,0.394,2.11
sweden,Sweden,7.395,1.921,1.51,0.562,0.754,0.225,0.52,1.903
norway,Norway,7.315,1.994,1.521,0.544,0.752,0.212,0.463,1.829
switzerland,Switzerland,7.24,2.022,1.463,0.582,0.678,0.151,0.475,1.87
luxembourg,Luxembourg,7.228,2.2,1.357,0.549,0.71,0.149,0.418,1.845
new zealand,New Zealand,7.123,1.842,1.544,0.513,0.672,0.23,0.471,1.852
austria,Austria,7.097,1.927,1.382,0.535,0.63,0.191,0.31,2.124
australia,Australia,7.095,1.899,1.497,0.532,0.677,0.242,0.31,1.938
canada,Canada,6.961,1.881,1.484,0.541,0.656,0.218,0.364,1.815
ireland,Ireland,6.911,2.152,1.425,0.539,0.656,0.186,0.409,1.545
united states,United States,6.894,1.98,1.46,0.39,0.557,0.21,0.172,2.124
germany,Germany,6.892,1.919,1.401,0.539,0.618,0.153,0.365,1.898
belgium,Belgium,6.859,1.907,1.449,0.528,0.59,0.137,0.273,1.976
czechia,Czechia,6.845,1.823,1.544,0.477,0.693,0.158,0.05,2.099
united kingdom,United Kingdom,6.796,1.857,1.366,0.511,0.626,0.272,0.34,1.822
lithuania,Lithuania,6.763,1.808,1.511,0.432,0.487,0.059,0.089,2.377
france,France,6.661,1.856,1.433,0.566,0.582,0.083,0.27,1.872
slovenia,Slovenia,6.65,1.815,1.539,0.532,0.707,0.144,0.113,1.799
costa rica,Costa Rica,6.609,1.587,1.34,0.503,0.683,0.099,0.116,2.281
romania,Romania,6.589,1.726,1.28,0.423,0.631,0.044,0.0,2.485
singapore,Singapore,6.587,2.168,1.354,0.607,0.66,0.17,0.561,1.067
united arab emirates,United Arab Emirates,6.571,2.015,1.223,0.401,0.745,0.188,0.247,1.752
taiwan province of china,Taiwan Province of China,6.535,1.89,1.372,0.492,0.562,0.067,0.178,1.974
uruguay,Uruguay,6.494,1.617,1.445,0.435,0.683,0.102,0.254,1.958
slovakia,Slovakia,6.469,1.731,1.544,0.472,0.494,0.128,0.022,2.078
saudi arabia,Saudi Arabia,6.463,1.861,1.37,0.351,0.682,0.093,0.17,1.936
estonia,Estonia,6.455,1.798,1.526,0.494,0.728,0.153,0.372,1.383
spain,Spain,6.436,1.798,1.491,0.567,0.533,0.101,0.157,1.789
italy,Italy,6.405,1.832,1.365,0.559,0.438,0.097,0.063,2.052
kosovo,Kosovo,6.368,1.374,1.269,0.372,0.639,0.275,0.045,2.393
chile,Chile,6.334,1.645,1.384,0.511,0.546,0.131,0.076,2.04
mexico,Mexico,6.33,1.55,1.169,0.389,0.632,0.086,0.115,2.389
malta,Malta,6.3,1.841,1.468,0.547,0.671,0.2,0.143,1.429
panama,Panama,6.265,1.714,1.402,0.475,0.63,0.065,0.036,1.943
poland,Poland,6.26,1.767,1.474,0.477,0.511,0.12,0.139,1.772
nicaragua,Nicaragua,6.259,1.109,1.292,0.385,0.66,0.148,0.218,2.448
latvia,Latvia,6.213,1.737,1.505,0.405,0.58,0.107,0.071,1.808
bahrain,Bahrain,6.173,1.883,1.269,0.389,0.748,0.199,0.138,1.546
guatemala,Guatemala,6.15,1.287,1.188,0.31,0.631,0.106,0.066,2.562
kazakhstan,Kazakhstan,6.144,1.664,1.491,0.389,0.628,0.136,0.149,1.688
serbia,Serbia,6.144,1.552,1.343,0.424,0.617,0.246,0.081,1.881
cyprus,Cyprus,6.13,1.824,1.224,0.58,0.455,0.104,0.05,1.893
japan,Japan,6.129,1.825,1.396,0.622,0.556,0.009,0.207,1.513
croatia,Croatia,6.125,1.727,1.455,0.475,0.5,0.087,0.003,1.88
brazil,Brazil,6.125,1.454,1.25,0.387,0.558,0.131,0.137,2.205
el salvador,El Salvador,6.122,1.278,1.044,0.383,0.713,0.079,0.222,2.403
hungary,Hungary,6.041,1.754,1.519,0.435,0.501,0.105,0.065,1.663
argentina,Argentina,6.024,1.59,1.388,0.427,0.587,0.088,0.082,1.861
honduras,Honduras,6.023,1.115,1.072,0.341,0.613,0.189,0.062,2.631
uzbekistan,Uzbekistan,6.014,1.227,1.347,0.375,0.74,0.26,0.208,1.856
malaysia,Malaysia,6.012,1.665,1.155,0.385,0.659,0.222,0.122,1.804
portugal,Portugal,5.968,1.758,1.356,0.537,0.693,0.031,0.037,1.556
republic of korea,Republic of Korea,5.951,1.853,1.188,0.603,0.446,0.112,0.163,1.587
greece,Greece,5.931,1.708,1.247,0.535,0.248,0.008,0.097,2.089
mauritius,Mauritius,5.902,1.589,1.382,0.336,0.574,0.121,0.11,1.79
thailand,Thailand,5.843,1.515,1.344,0.461,0.624,0.291,0.013,1.594
mongolia,Mongolia,5.84,1.379,1.494,0.244,0.425,0.239,0.058,2.001
kyrgyzstan,Kyrgyzstan,5.825,1.061,1.439,0.417,0.735,0.234,0.018,1.92
republic of moldova,Republic of Moldova,5.819,1.425,1.302,0.375,0.61,0.093,0.02,1.995
china,China,5.818,1.51,1.249,0.468,0.666,0.115,0.145,1.666
viet nam,Viet Nam,5.763,1.349,1.212,0.381,0.741,0.134,0.122,1.824
paraguay,Paraguay,5.738,1.428,1.427,0.392,0.678,0.148,0.062,1.604
montenegro,Montenegro,5.722,1.537,1.385,0.424,0.563,0.17,0.061,1.581
jamaica,Jamaica,5.703,1.305,1.329,0.411,0.587,0.079,0.039,1.954
bolivia,Bolivia,5.684,1.24,1.187,0.329,0.648,0.103,0.06,2.118
russian federation,Russian Federation,5.661,1.68,1.383,0.366,0.449,0.12,0.091,1.572
bosnia and herzegovina,Bosnia and Herzegovina,5.633,1.467,1.361,0.429,0.485,0.247,0.008,1.635
colombia,Colombia,5.63,1.455,1.213,0.486,0.562,0.08,0.068,1.765
dominican republic,Dominican Republic,5.569,1.536,1.227,0.351,0.623,0.083,0.195,1.553
ecuador,Ecuador,5.559,1.343,1.173,0.476,0.56,0.079,0.069,1.86
peru,Peru,5.526,1.39,1.153,0.499,0.549,0.073,0.027,1.835
philippines,Philippines,5.523,1.238,1.108,0.286,0.714,0.104,0.141,1.931
bulgaria,Bulgaria,5.466,1.635,1.457,0.408,0.557,0.106,0.013,1.289
nepal,Nepal,5.36,0.979,1.027,0.281,0.567,0.215,0.104,2.187
armenia,Armenia,5.342,1.466,1.134,0.443,0.551,0.053,0.16,1.534
tajikistan,Tajikistan,5.33,0.972,1.248,0.291,0.599,0.104,0.292,1.823
algeria,Algeria,5.329,1.353,1.298,0.409,0.252,0.073,0.152,1.791
hong kong sar of china,Hong Kong SAR of China,5.308,1.951,1.201,0.702,0.407,0.123,0.39,0.535
albania,Albania,5.277,1.449,0.951,0.48,0.549,0.133,0.037,1.678
indonesia,Indonesia,5.277,1.384,1.169,0.314,0.663,0.422,0.038,1.288
south africa,South Africa,5.275,1.417,1.428,0.149,0.464,0.09,0.019,1.708
congo,Congo,5.267,0.921,0.665,0.145,0.464,0.134,0.136,2.802
north macedonia,North Macedonia,5.254,1.498,1.171,0.408,0.515,0.207,0.02,1.435
venezuela,Venezuela,5.211,0.0,1.257,0.341,0.369,0.205,0.084,2.955
lao pdr,Lao PDR,5.111,1.232,0.853,0.257,0.715,0.185,0.162,1.707
georgia,Georgia,5.109,1.477,0.947,0.366,0.539,0.0,0.201,1.58
guinea,Guinea,5.072,0.844,0.776,0.072,0.369,0.204,0.102,2.705
ukraine,Ukraine,5.071,1.358,1.354,0.355,0.551,0.265,0.016,1.172
c te divoire,Côte d’Ivoire,5.053,1.094,0.584,0.12,0.467,0.138,0.131,2.519
gabon,Gabon,5.035,1.438,1.021,0.183,0.346,0.036,0.102,1.908
nigeria,Nigeria,4.981,1.065,1.007,0.092,0.448,0.176,0.013,2.181
cameroon,Cameroon,4.973,0.965,0.871,0.118,0.405,0.144,0.059,2.411
mozambique,Mozambique,4.954,0.57,0.885,0.0,0.625,0.161,0.192,2.519
iraq,Iraq,4.941,1.281,0.953,0.324,0.351,0.134,0.038,1.861
state of palestine,State of Palestine,4.908,1.144,1.309,,0.416,0.065,0.067,
morocco,Morocco,4.903,1.236,0.535,0.337,0.54,0.013,0.085,2.158
iran,Iran,4.876,1.465,1.102,0.411,0.281,0.229,0.13,1.259
senegal,Senegal,4.855,0.943,0.727,0.231,0.519,0.142,0.06,2.234
mauritania,Mauritania,4.724,1.099,0.764,0.244,0.32,0.13,0.195,1.973
burkina faso,Burkina Faso,4.638,0.768,0.814,0.107,0.419,0.188,0.113,2.23
namibia,Namibia,4.631,1.289,1.126,0.145,0.383,0.069,0.071,1.549
t rkiye,Türkiye,4.614,1.714,1.148,0.467,0.125,0.095,0.096,0.969
ghana,Ghana,4.605,1.101,0.756,0.197,0.526,0.211,0.035,1.779
pakistan,Pakistan,4.555,1.081,0.657,0.158,0.511,0.141,0.102,1.907
niger,Niger,4.501,0.561,0.628,0.137,0.54,0.154,0.14,2.341
tunisia,Tunisia,4.497,1.333,0.981,0.422,0.259,0.022,0.016,1.463
kenya,Kenya,4.487,1.051,0.881,0.19,0.418,0.291,0.055,1.601
sri lanka,Sri Lanka,4.442,1.422,1.224,0.426,0.539,0.12,0.086,0.625
uganda,Uganda,4.432,0.785,1.144,0.201,0.425,0.197,0.051,1.628
chad,Chad,4.397,0.622,0.962,0.043,0.393,0.255,0.088,2.034
cambodia,Cambodia,4.393,1.025,1.024,0.283,0.768,0.176,0.051,1.068
benin,Benin,4.374,0.924,0.242,0.124,0.481,0.114,0.253,2.235
myanmar,Myanmar,4.372,1.032,1.125,0.269,0.46,0.4,0.194,0.893
bangladesh,Bangladesh,4.282,1.133,0.513,0.355,0.617,0.139,0.165,1.361
gambia,Gambia,4.279,0.761,0.614,0.174,0.286,0.332,0.033,2.081
mali,Mali,4.198,0.763,0.637,0.106,0.441,0.121,0.059,2.07
egypt,Egypt,4.17,1.377,0.972,0.326,0.467,0.038,0.25,0.74
togo,Togo,4.137,0.77,0.642,0.161,0.367,0.149,0.136,1.913
jordan,Jordan,4.12,1.292,0.98,0.438,0.517,0.056,0.173,0.663
ethiopia,Ethiopia,4.091,0.793,1.114,0.25,0.451,0.283,0.101,1.099
liberia,Liberia,4.042,0.628,0.644,0.141,0.471,0.219,0.071,1.869
india,India,4.036,1.159,0.674,0.252,0.685,0.175,0.111,0.979
madagascar,Madagascar,4.019,0.632,0.779,0.178,0.187,0.177,0.134,1.932
zambia,Zambia,3.982,0.914,0.89,0.095,0.545,0.189,0.08,1.27
tanzania,Tanzania,3.694,0.836,0.787,0.214,0.607,0.234,0.269,0.747
comoros,Comoros,3.545,0.914,0.327,0.215,0.117,0.129,0.145,1.699
malawi,Malawi,3.495,0.637,0.479,0.189,0.49,0.139,0.129,1.432
botswana,Botswana,3.435,1.471,1.041,0.087,0.48,0.021,0.071,0.264
dr congo,DR Congo,3.207,0.531,0.784,0.105,0.375,0.183,0.068,1.162
zimbabwe,Zimbabwe,3.204,0.758,0.881,0.069,0.363,0.112,0.117,0.905
sierra leone,Sierra Leone,3.138,0.67,0.54,0.092,0.371,0.193,0.051,1.221
lebanon,Lebanon,2.392,1.417,0.476,0.398,0.123,0.061,0.027,-0.11
afghanistan,Afghanistan,1.859,0.645,0.0,0.087,0.0,0.093,0.059,0.976
finland,Finland,7.821,1.892,1.258,0.775,0.736,0.109,0.534,2.518
denmark,Denmark,7.636,1.953,1.243,0.777,0.719,0.188,0.532,2.226
iceland,Iceland,7.557,1.936,1.32,0.803,0.718,0.27,0.191,2.32
switzerland,Switzerland,7.512,2.026,1.226,0.822,0.677,0.147,0.461,2.153
netherlands,Netherlands,7.415,1.945,1.206,0.787,0.651,0.271,0.419,2.137
luxembourg,Luxembourg,7.404,2.209,1.155,0.79,0.7,0.12,0.388,2.042
sweden,Sweden,7.384,1.92,1.204,0.803,0.724,0.218,0.512,2.003
norway,Norway,7.365,1.997,1.239,0.786,0.728,0.217,0.474,1.925
israel,Israel,7.364,1.826,1.221,0.818,0.568,0.155,0.143,2.634
new zealand,New Zealand,7.2,1.852,1.235,0.752,0.68,0.245,0.483,1.954
austria,Austria,7.163,1.931,1.165,0.774,0.623,0.193,0.329,2.148
australia,Australia,7.162,1.9,1.203,0.772,0.676,0.258,0.341,2.011
ireland,Ireland,7.041,2.129,1.166,0.779,0.627,0.19,0.408,1.743
germany,Germany,7.034,1.924,1.088,0.776,0.585,0.163,0.358,2.142
canada,Canada,7.025,1.886,1.188,0.783,0.659,0.217,0.368,1.924
united states,United States,6.977,1.982,1.182,0.628,0.574,0.22,0.177,2.214
united kingdom,United Kingdom,6.943,1.867,1.143,0.75,0.597,0.289,0.329,1.967
czechia,Czechia,6.92,1.815,1.26,0.715,0.66,0.158,0.048,2.263
belgium,Belgium,6.805,1.907,1.106,0.764,0.492,0.049,0.204,2.283
france,France,6.687,1.863,1.219,0.808,0.567,0.07,0.266,1.895
bahrain,Bahrain,6.647,1.854,1.029,0.625,0.693,0.199,0.155,2.092
slovenia,Slovenia,6.63,1.81,1.249,0.769,0.685,0.118,0.115,1.885
costa rica,Costa Rica,6.582,1.584,1.054,0.744,0.661,0.089,0.102,2.346
united arab emirates,United Arab Emirates,6.576,1.998,0.98,0.633,0.702,0.204,0.25,1.809
saudi arabia,Saudi Arabia,6.523,1.87,1.092,0.577,0.651,0.078,0.18,2.075
taiwan province of china,Taiwan Province of China,6.512,1.897,1.095,0.733,0.542,0.075,0.168,2.002
singapore,Singapore,6.48,2.149,1.127,0.851,0.672,0.163,0.587,0.932
romania,Romania,6.477,1.719,1.006,0.655,0.605,0.039,0.006,2.446
spain,Spain,6.476,1.808,1.211,0.808,0.505,0.101,0.149,1.893
uruguay,Uruguay,6.474,1.615,1.18,0.672,0.665,0.103,0.265,1.974
italy,Italy,6.467,1.834,1.052,0.801,0.412,0.085,0.059,2.222
kosovo,Kosovo,6.455,1.362,0.949,0.569,0.599,0.309,0.035,2.631
malta,Malta,6.447,1.838,1.169,0.789,0.679,0.174,0.166,1.631
lithuania,Lithuania,6.446,1.804,1.204,0.659,0.496,0.053,0.077,2.153
slovakia,Slovakia,6.391,1.736,1.232,0.707,0.479,0.118,0.025,2.094
estonia,Estonia,6.341,1.793,1.232,0.728,0.689,0.123,0.333,1.442
panama,Panama,6.309,1.715,1.107,0.709,0.592,0.049,0.051,2.086
brazil,Brazil,6.293,1.462,1.044,0.615,0.546,0.131,0.134,2.361
guatemala,Guatemala,6.262,1.274,0.831,0.522,0.662,0.112,0.115,2.746
kazakhstan,Kazakhstan,6.234,1.668,1.22,0.611,0.584,0.134,0.157,1.86
cyprus,Cyprus,6.221,1.815,0.909,0.819,0.448,0.123,0.062,2.044
latvia,Latvia,6.18,1.732,1.221,0.637,0.502,0.075,0.09,1.923
serbia,Serbia,6.178,1.55,1.086,0.658,0.546,0.219,0.088,2.031
chile,Chile,6.172,1.651,1.08,0.748,0.46,0.124,0.069,2.04
nicaragua,Nicaragua,6.165,1.105,1.029,0.617,0.617,0.168,0.212,2.418
mexico,Mexico,6.128,1.552,0.886,0.623,0.621,0.092,0.115,2.239
croatia,Croatia,6.125,1.705,1.183,0.709,0.535,0.109,0.0,1.884
poland,Poland,6.123,1.758,1.174,0.712,0.523,0.124,0.14,1.693
el salvador,El Salvador,6.12,1.265,0.768,0.607,0.666,0.089,0.212,2.514
kuwait,Kuwait,6.106,1.904,0.983,0.747,0.617,0.087,0.147,1.621
hungary,Hungary,6.086,1.748,1.233,0.668,0.485,0.078,0.064,1.812
mauritius,Mauritius,6.071,1.591,1.116,0.568,0.589,0.131,0.107,1.969
uzbekistan,Uzbekistan,6.063,1.219,1.092,0.6,0.716,0.283,0.24,1.913
japan,Japan,6.039,1.835,1.089,0.866,0.537,0.007,0.218,1.487
honduras,Honduras,6.022,1.111,0.885,0.555,0.582,0.202,0.076,2.611
portugal,Portugal,6.016,1.76,1.078,0.777,0.655,0.016,0.039,1.691
argentina,Argentina,5.967,1.592,1.102,0.662,0.555,0.081,0.085,1.891
greece,Greece,5.948,1.703,0.98,0.774,0.249,0.015,0.108,2.119
republic of korea,Republic of Korea,5.935,1.851,0.886,0.841,0.414,0.111,0.176,1.656
philippines,Philippines,5.904,1.268,0.912,0.514,0.678,0.107,0.142,2.283
thailand,Thailand,5.891,1.535,1.096,0.697,0.617,0.321,0.026,1.6
republic of moldova,Republic of Moldova,5.857,1.417,1.008,0.597,0.561,0.102,0.028,2.142
jamaica,Jamaica,5.85,1.296,1.045,0.646,0.567,0.08,0.053,2.164
kyrgyzstan,Kyrgyzstan,5.828,1.069,1.109,0.638,0.693,0.208,0.025,2.087
belarus,Belarus,5.821,1.562,1.157,0.629,0.342,0.04,0.282,1.811
colombia,Colombia,5.781,1.452,0.929,0.72,0.545,0.087,0.077,1.971
bosnia and herzegovina,Bosnia and Herzegovina,5.768,1.468,1.068,0.665,0.448,0.244,0.006,1.869
mongolia,Mongolia,5.761,1.393,1.197,0.467,0.398,0.247,0.059,1.999
dominican republic,Dominican Republic,5.737,1.538,1.003,0.577,0.606,0.084,0.179,1.751
malaysia,Malaysia,5.711,1.689,0.938,0.62,0.654,0.213,0.126,1.471
bolivia,Bolivia,5.6,1.256,0.88,0.555,0.627,0.112,0.064,2.107
china,China,5.585,1.508,0.958,0.705,0.656,0.099,0.142,1.516
paraguay,Paraguay,5.578,1.409,1.13,0.624,0.629,0.171,0.059,1.555
peru,Peru,5.559,1.397,0.865,0.735,0.545,0.09,0.037,1.89
montenegro,Montenegro,5.547,1.573,1.023,0.659,0.46,0.135,0.077,1.619
ecuador,Ecuador,5.533,1.352,0.879,0.708,0.565,0.08,0.083,1.866
viet nam,Viet Nam,5.485,1.252,0.932,0.611,0.707,0.143,0.105,1.735
turkmenistan,Turkmenistan,5.474,1.484,1.319,0.516,0.649,0.314,0.032,1.16
north cyprus,North Cyprus,5.467,1.815,0.888,0.819,0.523,0.13,0.213,1.078
russian federation,Russian Federation,5.459,1.685,1.095,0.586,0.401,0.117,0.08,1.494
hong kong sar of china,Hong Kong SAR of China,5.425,1.957,0.954,0.942,0.4,0.147,0.383,0.642
armenia,Armenia,5.399,1.434,0.82,0.668,0.558,0.054,0.21,1.654
tajikistan,Tajikistan,5.377,0.966,1.005,0.518,0.572,0.118,0.304,1.895
nepal,Nepal,5.377,0.984,0.784,0.499,0.519,0.237,0.13,2.224
bulgaria,Bulgaria,5.371,1.625,1.163,0.64,0.563,0.123,0.021,1.235
libya,Libya,5.33,1.476,0.943,0.606,0.477,0.106,0.179,1.544
indonesia,Indonesia,5.24,1.382,0.883,0.539,0.62,0.468,0.047,1.3
c te divoire,Côte d’Ivoire,5.235,1.094,0.442,0.322,0.451,0.149,0.124,2.652
north macedonia,North Macedonia,5.199,1.505,0.863,0.637,0.488,0.215,0.031,1.461
albania,Albania,5.199,1.439,0.646,0.719,0.511,0.138,0.028,1.718
south africa,South Africa,5.194,1.425,1.088,0.361,0.442,0.089,0.046,1.742
azerbaijan,Azerbaijan,5.173,1.458,1.093,0.56,0.601,0.023,0.341,1.098
gambia,Gambia,5.164,0.785,0.621,0.369,0.367,0.388,0.103,2.531
bangladesh,Bangladesh,5.155,1.06,0.614,0.581,0.622,0.125,0.187,1.967
lao pdr,Lao PDR,5.14,1.239,0.654,0.479,0.679,0.197,0.184,1.709
algeria,Algeria,5.122,1.363,0.97,0.643,0.146,0.106,0.15,1.744
liberia,Liberia,5.122,0.636,0.67,0.309,0.405,0.178,0.08,2.844
ukraine,Ukraine,5.084,1.411,1.081,0.583,0.473,0.188,0.017,1.331
congo,Congo,5.075,0.95,0.405,0.355,0.431,0.13,0.146,2.658
morocco,Morocco,5.06,1.208,0.268,0.565,0.492,0.02,0.102,2.405
mozambique,Mozambique,5.048,0.578,0.66,0.191,0.593,0.185,0.2,2.641
cameroon,Cameroon,5.048,0.968,0.672,0.317,0.397,0.152,0.074,2.469
senegal,Senegal,5.046,0.933,0.53,0.447,0.494,0.143,0.081,2.419
niger,Niger,5.003,0.57,0.56,0.326,0.571,0.165,0.145,2.667
georgia,Georgia,4.973,1.467,0.612,0.595,0.508,0.0,0.208,1.583
gabon,Gabon,4.958,1.459,0.738,0.396,0.343,0.032,0.099,1.892
iraq,Iraq,4.941,1.289,0.682,0.554,0.328,0.147,0.046,1.894
venezuela,Venezuela,4.925,0.0,0.968,0.578,0.283,0.225,0.082,2.79
guinea,Guinea,4.891,0.848,0.566,0.275,0.334,0.214,0.116,2.538
iran,Iran,4.888,1.41,0.741,0.642,0.281,0.241,0.146,1.427
ghana,Ghana,4.872,1.112,0.595,0.409,0.5,0.23,0.056,1.972
t rkiye,Türkiye,4.744,1.707,0.865,0.702,0.209,0.087,0.115,1.059
burkina faso,Burkina Faso,4.67,0.779,0.565,0.32,0.382,0.186,0.126,2.313
cambodia,Cambodia,4.64,1.019,0.732,0.505,0.74,0.166,0.068,1.41
benin,Benin,4.623,0.932,0.064,0.335,0.479,0.127,0.23,2.458
comoros,Comoros,4.609,0.899,0.476,0.424,0.185,0.195,0.125,2.304
uganda,Uganda,4.603,0.777,0.875,0.418,0.402,0.222,0.066,1.842
nigeria,Nigeria,4.552,1.079,0.732,0.3,0.444,0.175,0.038,1.784
kenya,Kenya,4.543,1.032,0.605,0.401,0.44,0.322,0.082,1.661
tunisia,Tunisia,4.516,1.35,0.596,0.656,0.316,0.029,0.029,1.54
pakistan,Pakistan,4.516,1.049,0.413,0.374,0.448,0.181,0.112,1.94
state of palestine,State of Palestine,4.483,1.148,0.957,0.521,0.336,0.073,0.079,1.368
mali,Mali,4.479,0.792,0.483,0.311,0.35,0.128,0.042,2.373
namibia,Namibia,4.459,1.292,0.877,0.354,0.384,0.067,0.071,1.414
eswatini,Eswatini,4.396,1.274,0.786,0.197,0.259,0.038,0.154,1.688
myanmar,Myanmar,4.394,1.038,0.829,0.491,0.513,0.452,0.194,0.877
sri lanka,Sri Lanka,4.362,1.415,0.934,0.66,0.529,0.15,0.079,0.595
madagascar,Madagascar,4.339,0.67,0.645,0.378,0.202,0.143,0.154,2.148
egypt,Egypt,4.288,1.388,0.732,0.548,0.469,0.041,0.254,0.856
chad,Chad,4.251,0.662,0.506,0.225,0.18,0.182,0.077,2.419
ethiopia,Ethiopia,4.241,0.788,0.809,0.457,0.472,0.205,0.136,1.375
yemen,Yemen,4.197,0.691,1.043,0.384,0.33,0.09,0.098,1.561
mauritania,Mauritania,4.153,1.1,0.865,0.45,0.304,0.088,0.138,1.207
jordan,Jordan,4.152,1.324,0.724,0.675,0.476,0.058,0.2,0.695
togo,Togo,4.112,0.771,0.322,0.36,0.292,0.174,0.132,2.061
india,India,3.777,1.167,0.376,0.471,0.647,0.198,0.123,0.795
zambia,Zambia,3.76,0.93,0.577,0.306,0.525,0.203,0.083,1.135
malawi,Malawi,3.75,0.648,0.279,0.388,0.477,0.14,0.157,1.661
tanzania,Tanzania,3.702,0.848,0.597,0.425,0.578,0.248,0.27,0.735
sierra leone,Sierra Leone,3.574,0.686,0.416,0.273,0.387,0.202,0.055,1.556
lesotho,Lesotho,3.512,0.839,0.848,0.0,0.419,0.076,0.018,1.312
botswana,Botswana,3.471,1.503,0.815,0.28,0.571,0.012,0.102,0.187
rwanda,Rwanda,3.268,0.785,0.133,0.462,0.621,0.187,0.544,0.536
zimbabwe,Zimbabwe,2.995,0.947,0.69,0.27,0.329,0.106,0.105,0.548
lebanon,Lebanon,2.955,1.392,0.498,0.631,0.103,0.082,0.034,0.216
afghanistan,Afghanistan,2.404,0.758,0.0,0.289,0.0,0.089,0.005,1.263
finland,Finland,7.842,1.446,1.106,0.741,0.691,0.124,0.481,3.253
denmark,Denmark,7.62,1.502,1.108,0.763,0.686,0.208,0.485,2.868
switzerland,Switzerland,7.571,1.566,1.079,0.816,0.653,0.204,0.413,2.839
iceland,Iceland,7.554,1.482,1.172,0.772,0.698,0.293,0.17,2.967
netherlands,Netherlands,7.464,1.501,1.079,0.753,0.647,0.302,0.384,2.798
norway,Norway,7.392,1.543,1.108,0.782,0.703,0.249,0.427,2.58
sweden,Sweden,7.363,1.478,1.062,0.763,0.685,0.244,0.448,2.683
luxembourg,Luxembourg,7.324,1.751,1.003,0.76,0.639,0.166,0.353,2.653
new zealand,New Zealand,7.277,1.4,1.094,0.785,0.665,0.276,0.445,2.612
austria,Austria,7.268,1.492,1.062,0.782,0.64,0.215,0.292,2.784
australia,Australia,7.183,1.453,1.076,0.801,0.647,0.291,0.317,2.598
israel,Israel,7.157,1.376,1.074,0.788,0.509,0.208,0.119,3.083
germany,Germany,7.155,1.48,0.993,0.757,0.6,0.195,0.306,2.824
canada,Canada,7.103,1.447,1.044,0.798,0.648,0.246,0.335,2.585
ireland,Ireland,7.085,1.644,1.092,0.753,0.606,0.238,0.367,2.384
costa rica,Costa Rica,7.069,1.134,0.966,0.722,0.673,0.105,0.083,3.387
united kingdom,United Kingdom,7.064,1.423,1.062,0.757,0.58,0.34,0.306,2.596
czechia,Czechia,6.965,1.37,1.09,0.703,0.58,0.052,0.046,3.124
united states,United States,6.951,1.533,1.03,0.621,0.554,0.252,0.154,2.807
belgium,Belgium,6.834,1.463,0.998,0.747,0.489,0.088,0.187,2.862
france,France,6.69,1.421,1.081,0.804,0.536,0.092,0.235,2.521
bahrain,Bahrain,6.647,1.409,0.899,0.662,0.661,0.246,0.139,2.631
malta,Malta,6.602,1.411,1.055,0.747,0.664,0.275,0.183,2.268
taiwan province of china,Taiwan Province of China,6.584,1.48,0.982,0.665,0.49,0.142,0.139,2.687
united arab emirates,United Arab Emirates,6.561,1.555,0.86,0.594,0.67,0.236,0.223,2.422
saudi arabia,Saudi Arabia,6.494,1.435,0.964,0.571,0.603,0.09,0.163,2.668
spain,Spain,6.491,1.375,1.057,0.826,0.462,0.135,0.124,2.513
italy,Italy,6.483,1.393,0.94,0.798,0.379,0.133,0.047,2.794
slovenia,Slovenia,6.461,1.36,1.093,0.722,0.69,0.122,0.085,2.388
guatemala,Guatemala,6.435,0.845,0.79,0.519,0.638,0.163,0.105,3.375
uruguay,Uruguay,6.431,1.164,1.042,0.649,0.625,0.128,0.223,2.6
singapore,Singapore,6.377,1.695,1.019,0.897,0.664,0.176,0.547,1.379
kosovo,Kosovo,6.372,0.937,0.807,0.483,0.593,0.356,0.014,3.182
slovakia,Slovakia,6.331,1.304,1.066,0.653,0.468,0.107,0.018,2.714
brazil,Brazil,6.33,1.028,0.944,0.571,0.514,0.142,0.117,3.015
mexico,Mexico,6.317,1.126,0.83,0.634,0.585,0.092,0.089,2.961
jamaica,Jamaica,6.309,0.891,0.932,0.599,0.618,0.099,0.035,3.135
lithuania,Lithuania,6.255,1.35,1.065,0.612,0.476,0.056,0.073,2.624
cyprus,Cyprus,6.223,1.377,0.765,0.801,0.464,0.178,0.061,2.578
estonia,Estonia,6.189,1.344,1.079,0.64,0.641,0.119,0.263,2.103
panama,Panama,6.18,1.298,0.976,0.667,0.596,0.079,0.053,2.509
uzbekistan,Uzbekistan,6.179,0.769,1.027,0.528,0.716,0.391,0.271,2.477
chile,Chile,6.172,1.2,0.946,0.678,0.438,0.159,0.07,2.682
poland,Poland,6.166,1.309,0.982,0.668,0.558,0.08,0.13,2.438
kazakhstan,Kazakhstan,6.152,1.23,1.103,0.527,0.573,0.143,0.132,2.446
romania,Romania,6.14,1.275,0.832,0.595,0.564,0.045,0.001,2.83
kuwait,Kuwait,6.106,1.461,0.857,0.58,0.591,0.12,0.13,2.368
serbia,Serbia,6.078,1.101,0.924,0.634,0.482,0.189,0.066,2.682
el salvador,El Salvador,6.061,0.845,0.675,0.565,0.615,0.116,0.16,3.085
mauritius,Mauritius,6.049,1.178,0.996,0.574,0.59,0.153,0.096,2.462
latvia,Latvia,6.032,1.285,1.047,0.587,0.405,0.082,0.089,2.536
colombia,Colombia,6.012,1.021,0.866,0.615,0.554,0.1,0.063,2.794
hungary,Hungary,5.992,1.301,1.083,0.615,0.454,0.067,0.04,2.432
thailand,Thailand,5.985,1.107,0.957,0.596,0.611,0.375,0.028,2.309
nicaragua,Nicaragua,5.972,0.693,0.904,0.604,0.553,0.201,0.176,2.841
japan,Japan,5.94,1.389,0.949,0.838,0.504,0.02,0.192,2.048
argentina,Argentina,5.929,1.162,0.98,0.646,0.544,0.069,0.067,2.461
portugal,Portugal,5.929,1.323,0.939,0.76,0.621,0.029,0.033,2.225
honduras,Honduras,5.919,0.703,0.787,0.593,0.578,0.241,0.083,2.934
croatia,Croatia,5.882,1.251,1.039,0.703,0.453,0.111,0.0,2.325
philippines,Philippines,5.88,0.853,0.828,0.426,0.651,0.125,0.126,2.872
republic of korea,Republic of Korea,5.845,1.403,0.758,0.801,0.353,0.134,0.135,2.262
peru,Peru,5.84,0.986,0.833,0.623,0.536,0.087,0.031,2.744
bosnia and herzegovina,Bosnia and Herzegovina,5.813,1.032,0.919,0.618,0.395,0.261,0.005,2.583
republic of moldova,Republic of Moldova,5.766,0.985,0.888,0.542,0.536,0.137,0.013,2.665
ecuador,Ecuador,5.764,0.935,0.806,0.64,0.56,0.107,0.062,2.653
kyrgyzstan,Kyrgyzstan,5.744,0.665,0.971,0.501,0.673,0.266,0.02,2.648
greece,Greece,5.723,1.273,0.811,0.76,0.243,0.0,0.074,2.561
bolivia,Bolivia,5.716,0.842,0.782,0.486,0.6,0.138,0.064,2.805
mongolia,Mongolia,5.677,0.966,1.065,0.442,0.397,0.263,0.053,2.492
paraguay,Paraguay,5.653,0.983,0.97,0.549,0.602,0.206,0.037,2.306
montenegro,Montenegro,5.581,1.155,0.891,0.637,0.397,0.166,0.081,2.254
dominican republic,Dominican Republic,5.545,1.106,0.879,0.555,0.581,0.101,0.144,2.178
north cyprus,North Cyprus,5.536,1.377,0.806,0.801,0.503,0.196,0.2,1.653
belarus,Belarus,5.534,1.124,1.007,0.56,0.326,0.07,0.199,2.247
russian federation,Russian Federation,5.477,1.241,0.992,0.511,0.409,0.115,0.06,2.148
hong kong sar of china,Hong Kong SAR of China,5.477,1.525,0.841,0.893,0.408,0.232,0.342,1.236
tajikistan,Tajikistan,5.466,0.508,0.895,0.498,0.548,0.152,0.247,2.619
viet nam,Viet Nam,5.411,0.817,0.873,0.616,0.679,0.124,0.091,2.211
libya,Libya,5.41,1.044,0.821,0.435,0.474,0.131,0.174,2.331
malaysia,Malaysia,5.384,1.259,0.797,0.587,0.624,0.27,0.064,1.784
indonesia,Indonesia,5.345,0.954,0.786,0.433,0.598,0.541,0.046,1.987
congo,Congo,5.342,0.518,0.392,0.307,0.381,0.144,0.124,3.476
china,China,5.339,1.061,0.785,0.665,0.636,0.093,0.117,1.982
c te divoire,Côte d’Ivoire,5.306,0.669,0.409,0.052,0.438,0.177,0.092,3.469
armenia,Armenia,5.283,0.996,0.758,0.585,0.54,0.079,0.198,2.127
nepal,Nepal,5.269,0.519,0.702,0.496,0.488,0.287,0.135,2.642
bulgaria,Bulgaria,5.266,1.181,1.055,0.583,0.494,0.125,0.005,1.823
maldives,Maldives,5.198,1.115,1.015,0.697,0.575,0.204,0.073,1.52
azerbaijan,Azerbaijan,5.171,1.025,0.841,0.541,0.526,0.043,0.276,1.919
cameroon,Cameroon,5.142,0.543,0.556,0.159,0.425,0.205,0.058,3.195
senegal,Senegal,5.132,0.518,0.558,0.357,0.381,0.158,0.088,3.071
albania,Albania,5.117,1.008,0.529,0.646,0.491,0.168,0.024,2.25
north macedonia,North Macedonia,5.101,1.068,0.772,0.535,0.45,0.212,0.022,2.042
ghana,Ghana,5.088,0.68,0.595,0.287,0.517,0.268,0.058,2.684
niger,Niger,5.074,0.162,0.402,0.167,0.516,0.2,0.157,3.47
turkmenistan,Turkmenistan,5.066,1.046,1.172,0.439,0.602,0.366,0.033,1.409
gambia,Gambia,5.051,0.367,0.511,0.21,0.384,0.465,0.123,2.99
benin,Benin,5.045,0.507,0.058,0.196,0.457,0.166,0.178,3.482
lao pdr,Lao PDR,5.03,0.808,0.598,0.33,0.643,0.268,0.179,2.204
bangladesh,Bangladesh,5.025,0.635,0.52,0.514,0.603,0.161,0.164,2.427
guinea,Guinea,4.984,0.42,0.399,0.206,0.384,0.25,0.111,3.216
south africa,South Africa,4.956,0.967,0.895,0.265,0.447,0.144,0.051,2.187
t rkiye,Türkiye,4.948,1.26,0.809,0.59,0.236,0.097,0.104,1.852
pakistan,Pakistan,4.934,0.637,0.423,0.322,0.418,0.252,0.097,2.784
morocco,Morocco,4.918,0.792,0.219,0.558,0.477,0.034,0.088,2.749
venezuela,Venezuela,4.892,0.852,0.897,0.574,0.284,0.078,0.072,2.135
georgia,Georgia,4.891,1.03,0.47,0.498,0.488,0.032,0.181,2.191
algeria,Algeria,4.887,0.946,0.765,0.552,0.119,0.144,0.12,2.242
ukraine,Ukraine,4.875,0.979,0.958,0.517,0.417,0.181,0.01,1.813
iraq,Iraq,4.854,0.91,0.638,0.381,0.302,0.153,0.041,2.429
gabon,Gabon,4.852,1.037,0.707,0.362,0.424,0.058,0.064,2.201
burkina faso,Burkina Faso,4.834,0.364,0.472,0.179,0.381,0.182,0.122,3.133
cambodia,Cambodia,4.83,0.603,0.68,0.426,0.702,0.21,0.061,2.148
mozambique,Mozambique,4.794,0.183,0.634,0.196,0.608,0.228,0.163,2.783
nigeria,Nigeria,4.759,0.663,0.625,0.051,0.433,0.212,0.039,2.736
mali,Mali,4.723,0.387,0.59,0.11,0.384,0.164,0.072,3.016
iran,Iran,4.721,1.03,0.557,0.561,0.275,0.33,0.144,1.823
uganda,Uganda,4.636,0.364,0.718,0.24,0.398,0.267,0.054,2.596
liberia,Liberia,4.625,0.228,0.58,0.253,0.43,0.221,0.057,2.857
kenya,Kenya,4.607,0.603,0.508,0.385,0.483,0.375,0.073,2.18
tunisia,Tunisia,4.596,0.919,0.515,0.59,0.334,0.057,0.044,2.138
lebanon,Lebanon,4.584,1.045,0.868,0.595,0.175,0.14,0.026,1.736
namibia,Namibia,4.574,0.882,0.801,0.262,0.411,0.091,0.059,2.068
state of palestine,State of Palestine,4.517,0.646,0.819,0.434,0.33,0.082,0.075,2.131
myanmar,Myanmar,4.426,0.666,0.713,0.341,0.601,0.52,0.178,1.407
jordan,Jordan,4.395,0.89,0.685,0.583,0.455,0.079,0.15,1.553
chad,Chad,4.355,0.255,0.353,0.0,0.24,0.215,0.084,3.209
sri lanka,Sri Lanka,4.325,0.99,0.82,0.593,0.559,0.239,0.049,1.075
eswatini,Swaziland,4.308,0.849,0.693,0.074,0.323,0.067,0.147,2.155
comoros,Comoros,4.289,0.488,0.367,0.279,0.202,0.241,0.101,2.61
egypt,Egypt,4.283,0.954,0.647,0.426,0.446,0.069,0.092,1.648
ethiopia,Ethiopia,4.275,0.37,0.679,0.331,0.451,0.241,0.114,2.089
mauritania,Mauritania,4.227,0.666,0.749,0.273,0.218,0.119,0.133,2.069
madagascar,Madagascar,4.208,0.266,0.503,0.341,0.207,0.185,0.087,2.62
togo,Togo,4.107,0.254,0.239,0.203,0.289,0.209,0.107,2.806
zambia,Zambia,4.073,0.528,0.552,0.231,0.487,0.227,0.074,1.975
sierra leone,Sierra Leone,3.849,0.279,0.377,0.1,0.408,0.243,0.047,2.396
india,India,3.819,0.741,0.316,0.383,0.622,0.246,0.106,1.405
burundi,Burundi,3.775,0.0,0.062,0.155,0.298,0.172,0.212,2.876
yemen,Yemen,3.658,0.329,0.831,0.272,0.268,0.092,0.089,1.776
tanzania,Tanzania,3.623,0.433,0.54,0.3,0.549,0.307,0.231,1.263
haiti,Haiti,3.615,0.294,0.173,0.227,0.257,0.463,0.139,2.06
malawi,Malawi,3.6,0.113,0.168,0.298,0.484,0.213,0.134,2.19
lesotho,Lesotho,3.512,0.451,0.731,0.007,0.405,0.103,0.015,1.8
botswana,Botswana,3.467,1.099,0.724,0.34,0.539,0.027,0.088,0.648
rwanda,Rwanda,3.415,0.364,0.202,0.407,0.627,0.227,0.493,1.095
zimbabwe,Zimbabwe,3.145,0.457,0.649,0.243,0.359,0.157,0.075,1.205
afghanistan,Afghanistan,2.523,0.37,0.0,0.126,0.0,0.122,0.01,1.895
finland,Finland,7.80870008468628,1.28518950939178,1.49952590465546,0.961271405220032,0.662316739559174,0.159670442342758,0.477857261896133,2.76283502578735
denmark,Denmark,7.64559984207153,1.32694852352142,1.50344920158386,0.979332566261292,0.665039896965027,0.242793396115303,0.495260328054428,2.43274068832397
switzerland,Switzerland,7.55989980697632,1.39077425003052,1.47240340709686,1.04053318500519,0.628954470157623,0.269055753946304,0.407945901155472,2.35026741027832
iceland,Iceland,7.50449991226196,1.3265016078949,1.547567486763,1.00084340572357,0.661980748176575,0.362330228090286,0.144540771842003,2.46068811416626
norway,Norway,7.48799991607666,1.42420732975006,1.49517250061035,1.00807189941406,0.670200884342194,0.28798508644104,0.434100568294525,2.16826629638672
netherlands,Netherlands,7.44890022277832,1.33894634246826,1.46364593505859,0.975675344467163,0.613626480102539,0.33631756901741,0.368569761514664,2.35211706161499
sweden,Sweden,7.35349988937378,1.32223522663116,1.43334770202637,0.986470460891724,0.650297701358795,0.27282789349556,0.442066371440887,2.24629926681519
new zealand,New Zealand,7.29960012435913,1.24231791496277,1.48721837997437,1.00813829898834,0.646789908409119,0.325726211071014,0.461268275976181,2.12810802459717
austria,Austria,7.29419994354248,1.31728553771973,1.43744492530823,1.00093352794647,0.603368878364563,0.25550976395607,0.281256139278412,2.39844608306885
luxembourg,Luxembourg,7.23750019073486,1.53667604923248,1.38752841949463,0.986442685127258,0.610137045383453,0.195953920483589,0.3670414686203,2.15370035171509
canada,Canada,7.23210000991821,1.30164766311646,1.43539190292358,1.02250194549561,0.644028127193451,0.281528919935226,0.351701855659485,2.1952691078186
australia,Australia,7.22279977798462,1.31039643287659,1.47714626789093,1.02260768413544,0.621877193450928,0.324973613023758,0.33599641919136,2.1298041343689
united kingdom,United Kingdom,7.16450023651123,1.2730610370636,1.45784497261047,0.975700080394745,0.525168657302856,0.373433440923691,0.322601646184921,2.23672199249268
israel,Israel,7.12860012054443,1.21646368503571,1.40325677394867,1.00805294513702,0.42069947719574,0.266861796379089,0.09989845007658,2.7133584022522
costa rica,Costa Rica,7.12139987945557,0.981107711791992,1.37485361099243,0.939635336399078,0.645017743110657,0.131266310811043,0.0963620916008949,2.95313501358032
ireland,Ireland,7.09369993209839,1.44688677787781,1.47059643268585,0.975670695304871,0.587779939174652,0.295426994562149,0.373433262109756,1.94387817382813
germany,Germany,7.0757999420166,1.31418454647064,1.36854374408722,0.97211480140686,0.56427413225174,0.252037703990936,0.309362292289734,2.29524946212769
united states,United States,6.93959999084473,1.37398684024811,1.40478670597076,0.831618010997772,0.534608244895935,0.298143059015274,0.152284741401672,2.34412479400635
czechia,Czechia,6.9109001159668,1.21232235431671,1.40528666973114,0.89456444978714,0.505744576454163,0.0463259294629097,0.0498032234609127,2.79680824279785
belgium,Belgium,6.86350011825562,1.29584276676178,1.39867758750916,0.964901149272919,0.499805420637131,0.146966159343719,0.208724051713943,2.34862661361694
united arab emirates,United Arab Emirates,6.79080009460449,1.43108642101288,1.25117099285126,0.787814438343048,0.652936100959778,0.280655980110168,0.220213517546654,2.1669659614563
malta,Malta,6.77279996871948,1.2525132894516,1.44295692443848,0.97204202413559,0.633239030838013,0.341180831193924,0.178864076733589,1.95201206207275
france,France,6.66379976272583,1.26812934875488,1.45883917808533,1.02971422672272,0.514050900936127,0.112607702612877,0.227303236722946,2.05319833755493
mexico,Mexico,6.46500015258789,1.02438747882843,1.22633349895477,0.831601023674011,0.553892552852631,0.083094485104084,0.0831336677074432,2.66254019737244
taiwan province of china,Taiwan Province of China,6.45539999008179,1.32747054100037,1.3577606678009,0.878437995910645,0.449404388666153,0.150598704814911,0.131516352295876,2.16023874282837
uruguay,Uruguay,6.44010019302368,1.07100045681,1.42508113384247,0.856928884983063,0.594267070293427,0.132143691182137,0.193425074219704,2.16727638244629
saudi arabia,Saudi Arabia,6.4064998626709,1.33432853221893,1.30995011329651,0.759818136692047,0.548477470874786,0.0874406844377518,0.163322314620018,2.20311880111694
spain,Spain,6.40089988708496,1.23053526878357,1.4210991859436,1.05134308338165,0.425983816385269,0.165305480360985,0.109579779207706,1.99708843231201
guatemala,Guatemala,6.39890003204346,0.753815710544586,1.17426705360413,0.7059525847435,0.613146722316742,0.170611664652824,0.0983603000640869,2.88272309303284
italy,Italy,6.38740015029907,1.23639607429504,1.34729599952698,1.02250492572784,0.321305572986603,0.170266211032867,0.0401455983519554,2.2495059967041
singapore,Singapore,6.37709999084473,1.51958012580872,1.39545691013336,1.13781428337097,0.635317206382751,0.218770906329155,0.533162236213684,0.937031745910645
brazil,Brazil,6.37559986114502,0.952679872512817,1.36346411705017,0.766119062900543,0.483292728662491,0.131674587726593,0.106518603861332,2.57186031341553
slovenia,Slovenia,6.36339998245239,1.20865249633789,1.46467769145966,0.932548046112061,0.646700143814087,0.145701497793198,0.0765163227915764,1.88858652114868
el salvador,El Salvador,6.34829998016357,0.748940408229828,1.14939761161804,0.752730011940002,0.524043917655945,0.11893630027771,0.11703035235405,2.93719172477722
kosovo,Kosovo,6.32520008087158,0.840481340885162,1.18396282196045,0.672709167003632,0.557280421257019,0.325286865234375,0.00855902396142483,2.73690271377563
panama,Panama,6.30480003356934,1.09766781330109,1.37614929676056,0.878546535968781,0.579849779605865,0.0972073078155518,0.0542305260896683,2.22117614746094
slovakia,Slovakia,6.28060007095337,1.19483768939972,1.4243311882019,0.853465259075165,0.423542529344559,0.116729773581028,0.0112914405763149,2.25642204284668
uzbekistan,Uzbekistan,6.25759983062744,0.696652948856354,1.43402004241943,0.716703712940216,0.693270325660706,0.363311022520065,0.280260264873505,2.07334661483765
chile,Chile,6.22849988937378,1.09699249267578,1.32328689098358,0.889260828495026,0.417482227087021,0.155579000711441,0.0628493502736092,2.28301286697388
bahrain,Bahrain,6.22730016708374,1.29669225215912,1.31532371044159,0.838836371898651,0.610399901866913,0.287453711032867,0.12669725716114,1.75191736221313
lithuania,Lithuania,6.21549987792969,1.19355964660645,1.43286573886871,0.795421183109283,0.420460790395737,0.0536910407245159,0.0813502743840218,2.23814606666565
trinidad and tobago,Trinidad and Tobago,6.19189977645874,1.16764152050018,1.40732622146606,0.658828556537628,0.552931129932404,0.199358254671097,0.0150783956050873,2.19069576263428
poland,Poland,6.1862998008728,1.16922914981842,1.31039977073669,0.868038475513458,0.557903528213501,0.0633742436766624,0.160541251301765,2.05679798126221
colombia,Colombia,6.16340017318726,0.932203710079193,1.3344509601593,0.81002014875412,0.52689003944397,0.0923740938305855,0.0458483695983887,2.42165660858154
cyprus,Cyprus,6.15899991989136,1.21279942989349,1.14917075634003,1.02612459659576,0.459385871887207,0.227932333946228,0.0512071438133717,2.03233480453491
nicaragua,Nicaragua,6.13710021972656,0.620033144950867,1.27081274986267,0.803093254566193,0.560117304325104,0.212871477007866,0.174084573984146,2.49608111381531
romania,Romania,6.12370014190674,1.12040162086487,1.19443809986115,0.792294859886169,0.53485232591629,0.0681816190481186,0.000829568831250072,2.41274976730347
kuwait,Kuwait,6.10209989547729,1.42483365535736,1.24477982521057,0.776468932628632,0.570261418819427,0.13275109231472,0.1128149330616,1.84016799926758
mauritius,Mauritius,6.10129976272583,1.07366394996643,1.39566683769226,0.763389408588409,0.590838134288788,0.186894550919533,0.0840882286429405,2.00672054290771
kazakhstan,Kazakhstan,6.05789995193481,1.12259423732758,1.45326769351959,0.698788940906525,0.497432142496109,0.153713792562485,0.110463686287403,2.02160263061523
estonia,Estonia,6.02180004119873,1.19244122505188,1.45323252677917,0.842615008354187,0.576664805412292,0.125136747956276,0.201766818761826,1.62992811203003
philippines,Philippines,6.00600004196167,0.775120675563812,1.24538171291351,0.602189481258392,0.62191516160965,0.129260212182999,0.130385726690292,2.50174188613892
hungary,Hungary,6.00040006637573,1.16430711746216,1.42300939559937,0.806793868541718,0.386401802301407,0.0704912394285202,0.0275481734424829,2.12184572219849
thailand,Thailand,5.9987998008728,1.00702929496765,1.34751951694489,0.793855845928192,0.609449803829193,0.376709014177322,0.0318378619849682,1.83238410949707
argentina,Argentina,5.97469997406006,1.02846562862396,1.37254369258881,0.849773705005646,0.520840346813202,0.0701004713773727,0.0604150593280792,2.07254099845886
honduras,Honduras,5.95319986343384,0.598763585090637,1.18666410446167,0.791989982128143,0.568148076534271,0.256528198719025,0.0868071019649506,2.46429538726807
latvia,Latvia,5.94999980926514,1.14139544963837,1.41439878940582,0.77790242433548,0.329198807477951,0.0754079446196556,0.0903915241360664,2.12128305435181
ecuador,Ecuador,5.92519998550415,0.853383600711823,1.22102761268616,0.838837742805481,0.555234551429749,0.115006476640701,0.0867533832788467,2.25493383407593
portugal,Portugal,5.9109001159668,1.16880083084106,1.33953034877777,0.979315280914307,0.589895188808441,0.0530369468033314,0.0277334656566381,1.75255870819092
jamaica,Jamaica,5.88980007171631,0.779058396816254,1.40828919410706,0.788434088230133,0.553124606609344,0.116268493235111,0.030147785320878,2.21443653106689
republic of korea,Republic of Korea,5.87239980697632,1.24530065059662,1.13356053829193,1.02254259586334,0.25935634970665,0.170303866267204,0.0945962816476822,1.94675707817078
japan,Japan,5.87080001831055,1.26672410964966,1.33233869075775,1.07288134098053,0.495465874671936,0.0357117801904678,0.181439638137817,1.4862003326416
peru,Peru,5.79680013656616,0.918549180030823,1.2084059715271,0.824444174766541,0.51321005821228,0.0916118174791336,0.0270326603204012,2.21349954605103
serbia,Serbia,5.77820014953613,0.988181829452515,1.32744896411896,0.828403294086456,0.395428419113159,0.150282889604568,0.0594471469521523,2.02904009819031
bolivia,Bolivia,5.74749994277954,0.730976343154907,1.14235055446625,0.662445664405823,0.574464499950409,0.138375073671341,0.0729426369071007,2.42592859268188
pakistan,Pakistan,5.69329977035522,0.616799473762512,0.872979581356049,0.469933241605759,0.405421733856201,0.228705063462257,0.122592121362686,2.97687673568726
paraguay,Paraguay,5.69210004806519,0.897990822792053,1.36819756031036,0.735869646072388,0.586510062217712,0.204299241304398,0.0650773793458939,1.83412528038025
dominican republic,Dominican Republic,5.68919992446899,0.983191847801208,1.32888889312744,0.741901695728302,0.562873899936676,0.112196780741215,0.115945681929588,1.84424686431885
bosnia and herzegovina,Bosnia and Herzegovina,5.67409992218018,0.918395459651947,1.20398652553558,0.813928186893463,0.305365741252899,0.264005243778229,0.00117248704191297,2.1672420501709
republic of moldova,Republic of Moldova,5.60750007629395,0.707916796207428,1.23731219768524,0.713299453258514,0.389571487903595,0.174049183726311,0.0143787441775203,2.37096834182739
tajikistan,Tajikistan,5.55569982528687,0.47487461566925,1.21837770938873,0.680594801902771,0.521141171455383,0.182417124509811,0.22177991271019,2.25650835037231
montenegro,Montenegro,5.54610013961792,1.0101500749588,1.26565790176392,0.839028894901276,0.303223848342896,0.149010330438614,0.0984351113438606,1.88056588172913
russian federation,Russian Federation,5.5460000038147,1.12699961662292,1.37864410877228,0.680445909500122,0.399499595165253,0.0990419164299965,0.0456993617117405,1.81571674346924
kyrgyzstan,Kyrgyzstan,5.54150009155273,0.51318097114563,1.34103667736053,0.680645883083344,0.614617764949799,0.301370739936829,0.030466690659523,2.06020665168762
belarus,Belarus,5.5398998260498,1.01885449886322,1.38713932037354,0.75258857011795,0.290755867958069,0.0899330601096153,0.193607434630394,1.80699110031128
north cyprus,North Cyprus,5.53550004959106,1.21279942989349,1.18308913707733,1.02612459659576,0.477885723114014,0.199160054326057,0.199802905321121,1.23668766021729
greece,Greece,5.5149998664856,1.12807011604309,1.16897356510162,0.979431748390198,0.173516348004341,0.0,0.0488443523645401,2.01617908477783
hong kong sar of china,Hong Kong SAR of China,5.51039981842041,1.37674605846405,1.24358427524567,1.13663065433502,0.459356516599655,0.28828090429306,0.332485437393188,0.673293113708496
croatia,Croatia,5.50470018386841,1.10902428627014,1.31126487255096,0.900575578212738,0.381456881761551,0.113998979330063,0.0123250056058168,1.67602920532227
libya,Libya,5.48880004882813,1.02191376686096,1.19628369808197,0.615626633167267,0.451354056596756,0.142757698893547,0.172258079051971,1.88856315612793
mongolia,Mongolia,5.45620012283325,0.90487277507782,1.45893061161041,0.615788161754608,0.355703115463257,0.263885736465454,0.0465331263840199,1.81052756309509
malaysia,Malaysia,5.38430023193359,1.168421626091,1.17400228977203,0.788511872291565,0.596941530704498,0.274886161088943,0.062163133174181,1.31942081451416
viet nam,Viet Nam,5.35349988937378,0.718092381954193,1.25307476520538,0.819133996963501,0.650835573673248,0.136488720774651,0.0898484587669373,1.68597793579102
indonesia,Indonesia,5.28560018539429,0.891720712184906,1.15480089187622,0.610437035560608,0.568161427974701,0.542646527290344,0.0382786132395267,1.47957348823547
c te divoire,Côte d’Ivoire,5.23330020904541,0.537094414234161,0.799727261066437,0.154942512512207,0.397122532129288,0.169915586709976,0.0934957936406136,3.08102250099182
benin,Benin,5.21600008010864,0.366244703531265,0.352428436279297,0.328062951564789,0.405839890241623,0.196670427918434,0.12593187391758,3.44080972671509
maldives,Maldives,5.1975998878479,0.937864303588867,1.40228760242462,0.914439558982849,0.548203647136688,0.224198251962662,0.0719064921140671,1.09867477416992
congo,Congo,5.1943998336792,0.633616745471954,0.75763601064682,0.458101123571396,0.386514395475388,0.117216013371944,0.118670783936977,2.72261953353882
azerbaijan,Azerbaijan,5.16480016708374,0.990272700786591,1.18061304092407,0.731134057044983,0.467734724283218,0.0401132144033909,0.247307181358337,1.50763297080994
north macedonia,North Macedonia,5.15980005264282,0.935371994972229,1.18317353725433,0.802994132041931,0.410224586725235,0.18586353957653,0.0245950594544411,1.61759495735168
ghana,Ghana,5.14799976348877,0.575862467288971,0.966367959976196,0.432162255048752,0.477290064096451,0.261291205883026,0.0565703809261322,2.37843728065491
nepal,Nepal,5.13719987869263,0.444050371646881,1.10078930854797,0.668879389762878,0.480608254671097,0.300971806049347,0.127502962946892,2.01438689231873
t rkiye,Türkiye,5.13180017471313,1.12716925144196,1.19715917110443,0.781335294246674,0.254400759935379,0.0858855694532394,0.120983242988586,1.56481671333313
china,China,5.12389993667603,0.990533411502838,1.13208067417145,0.86724853515625,0.601605117321014,0.079021044075489,0.117255553603172,1.33618187904358
turkmenistan,Turkmenistan,5.11910009384155,1.0089635848999,1.51047694683075,0.612448036670685,0.515236675739288,0.323129326105118,0.0335038900375366,1.11533737182617
bulgaria,Bulgaria,5.10150003433228,1.04655468463898,1.46057891845703,0.777776896953583,0.417820066213608,0.103833712637424,0.0,1.29496145248413
morocco,Morocco,5.09479999542236,0.758622109889984,0.645208477973938,0.745096921920776,0.450054138898849,0.0400325506925583,0.0773856043815613,2.37840247154236
cameroon,Cameroon,5.08489990234375,0.50395804643631,0.899726450443268,0.270189553499222,0.439242482185364,0.198020100593567,0.0543934218585491,2.71937084197998
venezuela,Venezuela,5.05319976806641,0.770238637924194,1.34854686260223,0.767025530338287,0.271717220544815,0.0871791541576385,0.0636247768998146,1.74484086036682
algeria,Algeria,5.00509977340698,0.943856000900269,1.14300358295441,0.745418548583984,0.0839437991380692,0.118915013968945,0.129190653562546,1.84081172943115
senegal,Senegal,4.98080015182495,0.504061818122864,0.954593420028687,0.518391907215118,0.352400898933411,0.16439713537693,0.0818659365177155,2.4051239490509
guinea,Guinea,4.94929981231689,0.390007734298706,0.751365959644318,0.33365523815155,0.371878057718277,0.249490842223167,0.112204559147358,2.74072980880737
niger,Niger,4.90959978103638,0.108330331742764,0.703800141811371,0.298816353082657,0.435311615467072,0.208176895976067,0.13755476474762,3.0176305770874
lao pdr,Lao PDR,4.88859987258911,0.71469384431839,0.987391889095306,0.486378282308578,0.612027287483215,0.272667109966278,0.194273963570595,1.62115263938904
albania,Albania,4.88269996643066,0.906653046607971,0.830483913421631,0.846329629421234,0.46194589138031,0.171027764678001,0.0253612846136093,1.64089703559875
cambodia,Cambodia,4.8484001159668,0.544634938240051,1.07142603397369,0.587904334068298,0.674940347671509,0.233342081308365,0.0728375017642975,1.66330003738403
bangladesh,Bangladesh,4.83279991149902,0.556156277656555,0.868800580501556,0.694940507411957,0.604130566120148,0.176745116710663,0.176735907793045,1.75526189804077
gabon,Gabon,4.82929992675781,0.988044381141663,1.10639750957489,0.522574841976166,0.369459897279739,0.0520136021077633,0.0558045394718647,1.735027551651
south africa,South Africa,4.81409978866577,0.902140438556671,1.25908625125885,0.407034069299698,0.434781819581985,0.126406848430634,0.0595021396875381,1.62511730194092
iraq,Iraq,4.78480005264282,0.982018709182739,1.0114666223526,0.529350697994232,0.283588051795959,0.153002068400383,0.0731649920344353,1.75217366218567
lebanon,Lebanon,4.77150011062622,0.889232516288757,1.19249331951141,0.788671135902405,0.18551667034626,0.158524140715599,0.0215181466192007,1.53554224967957
burkina faso,Burkina Faso,4.76870012283325,0.30246764421463,0.929385900497437,0.312833875417709,0.322398155927658,0.186390608549118,0.12640805542469,2.58882641792297
gambia,Gambia,4.75059986114502,0.256990551948547,0.882678687572479,0.353247880935669,0.403419524431229,0.42598968744278,0.158093795180321,2.27021646499634
mali,Mali,4.72930002212524,0.352462649345398,0.973141729831696,0.234981521964073,0.377534449100494,0.169667050242424,0.0621462762355804,2.55933523178101
nigeria,Nigeria,4.72410011291504,0.64590185880661,0.986717939376831,0.167835935950279,0.435079455375671,0.221328124403954,0.047589935362339,2.21963548660278
armenia,Armenia,4.67679977416992,0.808262407779694,1.03457689285278,0.775857269763947,0.378075808286667,0.107225738465786,0.104618184268475,1.46816158294678
georgia,Georgia,4.67259979248047,0.847198069095612,0.731193900108337,0.694657623767853,0.48549410700798,0.0476097352802753,0.174088075757027,1.69239830970764
iran,Iran,4.67239999771118,1.02932250499725,0.886271178722382,0.749053835868835,0.301195472478867,0.276978939771652,0.14265151321888,1.28696942329407
jordan,Jordan,4.63339996337891,0.785179197788239,1.14011859893799,0.777624726295471,0.424855083227158,0.0914947688579559,0.151878625154495,1.26225805282593
mozambique,Mozambique,4.62360000610352,0.178741365671158,0.955202877521515,0.324223637580872,0.560775339603424,0.220422104001045,0.163064315915108,2.22121620178223
kenya,Kenya,4.58300018310547,0.476413398981094,0.905077755451202,0.536312758922577,0.519180536270142,0.393902093172073,0.0672010779380798,1.6849045753479
namibia,Namibia,4.57110023498535,0.840081989765167,1.24573814868927,0.406871169805527,0.444598972797394,0.0764544829726219,0.0543203428387642,1.50303316116333
ukraine,Ukraine,4.56069993972778,0.780434608459473,1.3213164806366,0.698674380779266,0.319423705339432,0.178551316261292,0.00965115986764431,1.25266933441162
liberia,Liberia,4.55789995193481,0.174103006720543,0.92073392868042,0.392284274101257,0.405943095684052,0.226967871189117,0.0511398762464523,2.38675785064697
state of palestine,State of Palestine,4.55280017852783,0.587819218635559,1.19475555419922,0.61382657289505,0.298700749874115,0.0918162614107132,0.0719136521220207,1.6939857006073
uganda,Uganda,4.43200016021729,0.312337428331375,1.05232739448547,0.378311663866043,0.401682555675507,0.264807373285294,0.0638188421726227,1.95867109298706
chad,Chad,4.42269992828369,0.302287489175797,0.739118278026581,0.108744099736214,0.228601768612862,0.210805088281631,0.0857554078102112,2.74742650985718
tunisia,Tunisia,4.39219999313354,0.874742686748505,0.872167706489563,0.781156718730927,0.235860556364059,0.055881142616272,0.0438995733857155,1.52849674224854
mauritania,Mauritania,4.37459993362427,0.539684891700745,1.11332356929779,0.425184816122055,0.185714483261108,0.128899663686752,0.122257634997368,1.85955739021301
sri lanka,Sri Lanka,4.3270001411438,0.897986948490143,1.19494009017944,0.792036712169647,0.528632462024689,0.252666145563126,0.0494445636868477,0.611288547515869
dr congo,DR Congo,4.31099987030029,0.062487468123436,0.833055019378662,0.277212053537369,0.364622980356216,0.25432488322258,0.0814666450023651,2.43786430358887
eswatini,Swaziland,4.30810022354126,0.82753974199295,1.06483519077301,0.215585827827454,0.299935787916183,0.0672648325562477,0.146765872836113,1.68620729446411
myanmar,Myanmar,4.30800008773804,0.678090929985046,1.09817826747894,0.495443075895309,0.597478866577148,0.56981372833252,0.187530353665352,0.681462526321411
comoros,Comoros,4.28859996795654,0.415620774030685,0.723232805728912,0.437383323907852,0.181028231978416,0.258538275957108,0.100048534572124,2.17276906967163
togo,Togo,4.18720006942749,0.268116265535355,0.547622859477997,0.342731177806854,0.303539037704468,0.200774252414703,0.114826455712318,2.40959525108337
ethiopia,Ethiopia,4.18620014190674,0.315125644207001,1.00110328197479,0.483846247196198,0.412566870450974,0.227698102593422,0.117437034845352,1.62845921516418
madagascar,Madagascar,4.16559982299805,0.244553208351135,0.823694348335266,0.500617027282715,0.192967548966408,0.1911900639534,0.0762486383318901,2.13629841804504
egypt,Egypt,4.15140008926392,0.875228941440582,0.982539534568787,0.596911311149597,0.373684734106064,0.0688012540340424,0.095461793243885,1.15881824493408
sierra leone,Sierra Leone,3.92639994621277,0.240560382604599,0.747984945774078,0.203953966498375,0.382027685642242,0.257647007703781,0.0479409359395504,2.04627180099487
burundi,Burundi,3.77530002593994,0.0,0.403575271368027,0.295212835073471,0.275399059057236,0.187401786446571,0.212186828255653,2.40150737762451
zambia,Zambia,3.75939989089966,0.536833763122559,0.89603728055954,0.363593339920044,0.491317540407181,0.250620901584625,0.0867052376270294,1.13433933258057
haiti,Haiti,3.72079992294312,0.284734427928925,0.64667135477066,0.374366730451584,0.169297516345978,0.463909655809402,0.161935672163963,1.61991691589355
lesotho,Lesotho,3.6528000831604,0.454938739538193,1.08894002437592,0.100934810936451,0.40936753153801,0.102627642452717,0.0504838228225708,1.44551396369934
india,India,3.57329988479614,0.730576157569885,0.644198656082153,0.540570139884949,0.581142246723175,0.237072482705116,0.105587981641293,0.734130859375
malawi,Malawi,3.53800010681152,0.176534727215767,0.530368089675903,0.446163296699524,0.487389832735062,0.213185057044029,0.131633952260017,1.55271828174591
yemen,Yemen,3.52740001678467,0.392701774835587,1.17747712135315,0.415000170469284,0.243721485137939,0.0946890115737915,0.0873521268367767,1.11647272109985
botswana,Botswana,3.47889995574951,0.997548997402191,1.08569478988647,0.494101732969284,0.509089410305023,0.033407486975193,0.101786367595196,0.257240533828735
tanzania,Tanzania,3.47620010375977,0.457163125276566,0.872674643993378,0.442677855491638,0.509343087673187,0.271540910005569,0.203880861401558,0.718963384628296
central african republic,Central African Republic,3.47589993476868,0.0410720817744732,0.0,0.0,0.292814463376999,0.253513216972351,0.0282647181302309,2.8601975440979
rwanda,Rwanda,3.31229996681213,0.343242675065994,0.52287632226944,0.572383284568787,0.604087889194489,0.235704988241196,0.485542476177216,0.548444986343384
zimbabwe,Zimbabwe,3.2992000579834,0.425564020872116,1.04783523082733,0.375037610530853,0.377404719591141,0.151349186897278,0.0809285789728165,0.841031074523926
south sudan,South Sudan,2.81660008430481,0.28908297419548,0.553278505802155,0.208809033036232,0.0656092539429665,0.20993460714817,0.111156798899174,1.37875127792358
afghanistan,Afghanistan,2.56690001487732,0.300705850124359,0.356433838605881,0.266051530838013,0.0,0.135234713554382,0.00122578535228968,1.50723564624786
